Date,Year,Revenue,Unit Cost,Unit Price,Cost
15,2016,2370,567.0,790.0,1701
15,2016,398,192.5,199.0,385
24,2016,3023,1160.0,1511.5,2320
24,2016,294,115.0,147.0,230
24,2016,167,140.0,167.0,140
24,2016,873,472.5,436.5,945
27,2016,2741,2295.0,2741.0,2295
27,2016,1249,291.67,416.333333,875
70,2016,2776,2384.0,2776.0,2384
111,2016,1931,850.5,965.5,1701
111,2016,1450,338.33,483.333333,1015
184,2016,668,742.0,668.0,742
184,2016,41,18.0,20.5,36
184,2016,68,50.0,68.0,50
184,2016,936,330.5,468.0,661
204,2016,2949,794.67,983.0,2384
204,2016,612,280.0,306.0,560
80,2015,2499,2443.0,2499.0,2443
101,2015,2271,2049.0,2271.0,2049
110,2015,1655,1091.0,827.5,2182
257,2015,1599,1160.0,799.5,2320
410,2015,692,565.0,692.0,565
410,2015,97,26.67,32.333333,80
421,2015,368,270.0,184.0,540
26,2016,567,180.0,189.0,540
26,2016,283,81.67,94.333333,245
30,2016,2425,2384.0,2425.0,2384
43,2016,2296,2295.0,2296.0,2295
43,2016,1023,256.67,341.0,770
133,2016,2308,2320.0,2308.0,2320
133,2016,181,70.0,90.5,140
150,2016,2275,794.67,758.333333,2384
150,2016,1370,525.0,685.0,1050
151,2016,2504,765.0,834.666667,2295
203,2016,2468,1160.0,1234.0,2320
214,2016,2501,1192.0,1250.5,2384
214,2016,1232,945.0,1232.0,945
218,2016,2446,2384.0,2446.0,2384
291,2016,654,262.5,327.0,525
206,2015,1922,1091.0,961.0,2182
220,2015,1892,2049.0,1892.0,2049
227,2015,2314,2443.0,2314.0,2443
240,2015,1884,683.0,628.0,2049
271,2015,2084,2295.0,2084.0,2295
271,2015,359,315.0,359.0,315
284,2015,2222,773.33,740.666667,2320
294,2015,2251,1221.5,1125.5,2443
299,2015,2376,2295.0,2376.0,2295
306,2015,770,247.33,256.666667,742
327,2015,2318,2443.0,2318.0,2443
349,2015,659,247.33,219.666667,742
349,2015,233,70.0,77.666667,210
364,2015,465,540.0,465.0,540
364,2015,456,420.0,456.0,420
378,2015,925,420.0,462.5,840
384,2015,883,437.5,441.5,875
402,2015,2068,1147.5,1034.0,2295
407,2015,2094,2320.0,2094.0,2320
407,2015,605,175.0,201.666667,525
409,2015,2235,1192.0,1117.5,2384
409,2015,633,186.67,211.0,560
411,2015,2192,2384.0,2192.0,2384
424,2015,502,180.0,167.333333,540
424,2015,669,630.0,669.0,630
36,2016,1066,660.0,1066.0,660
36,2016,56,37.0,56.0,37
96,2016,2988,2384.0,2988.0,2384
96,2016,1178,377.0,589.0,754
96,2016,113,37.5,56.5,75
214,2016,3419,814.33,1139.666667,2443
214,2016,76,18.0,25.333333,54
242,2015,67,25.0,33.5,50
242,2015,177,46.67,59.0,140
229,2016,166,111.0,166.0,111
359,2015,254,63.67,84.666667,191
20,2016,201,45.0,67.0,135
20,2016,870,228.67,290.0,686
20,2016,99,23.33,33.0,70
145,2016,94,30.0,31.333333,90
145,2016,8,1.67,2.666667,5
352,2015,85,80.0,85.0,80
352,2015,212,225.0,212.0,225
249,2015,138,105.0,138.0,105
249,2015,161,55.0,80.5,110
30,2016,498,400.0,498.0,400
49,2016,108,28.0,36.0,84
49,2016,649,186.33,216.333333,559
49,2016,483,392.0,483.0,392
62,2016,2415,2384.0,2415.0,2384
133,2016,903,241.67,301.0,725
133,2016,49,40.0,49.0,40
150,2016,121,48.0,60.5,96
150,2016,481,204.0,240.5,408
199,2016,716,247.33,238.666667,742
223,2016,2432,2384.0,2432.0,2384
223,2016,32,8.33,10.666667,25
223,2016,460,406.0,460.0,406
223,2016,76,31.0,38.0,62
237,2016,43,36.0,43.0,36
321,2015,365,179.5,182.5,359
375,2015,558,522.0,558.0,522
397,2015,377,182.5,188.5,365
397,2015,96,46.0,48.0,92
414,2015,2267,1192.0,1133.5,2384
443,2015,676,742.0,676.0,742
443,2015,272,75.0,90.666667,225
226,2016,757,742.0,757.0,742
190,2016,249,210.0,249.0,210
190,2016,96,25.0,32.0,75
190,2016,140,127.0,140.0,127
219,2016,382,315.0,382.0,315
321,2015,197,58.33,65.666667,175
356,2015,704,630.0,704.0,630
137,2016,1196,326.67,398.666667,980
137,2016,106,26.67,35.333333,80
137,2016,25,23.0,25.0,23
371,2015,106,92.0,106.0,92
371,2015,621,186.67,207.0,560
219,2016,737,742.0,737.0,742
219,2016,269,70.0,89.666667,210
219,2016,734,686.0,734.0,686
247,2015,41,37.0,41.0,37
22,2016,402,105.0,134.0,315
212,2016,136,100.0,136.0,100
289,2016,87,25.0,29.0,75
387,2015,16,15.0,16.0,15
387,2015,356,157.5,178.0,315
405,2015,24,24.0,24.0,24
405,2015,64,21.33,21.333333,64
405,2015,215,103.5,107.5,207
33,2016,738,560.0,738.0,560
114,2016,2407,765.0,802.333333,2295
114,2016,1387,980.0,1387.0,980
196,2016,2479,765.0,826.333333,2295
208,2016,564,270.0,282.0,540
229,2016,675,742.0,675.0,742
229,2016,1058,291.67,352.666667,875
41,2015,1719,2049.0,1719.0,2049
275,2015,2349,765.0,783.0,2295
328,2015,2133,2295.0,2133.0,2295
328,2015,113,52.5,56.5,105
335,2015,2087,773.33,695.666667,2320
35,2016,506,540.0,506.0,540
40,2016,176,67.5,88.0,135
40,2016,68,26.5,34.0,53
45,2016,64,50.0,64.0,50
45,2016,37,29.0,37.0,29
49,2016,1679,567.0,559.666667,1701
83,2016,86,65.0,86.0,65
83,2016,115,44.0,57.5,88
107,2016,109,48.0,54.5,96
107,2016,472,119.67,157.333333,359
148,2016,1230,607.5,615.0,1215
166,2016,86,60.0,86.0,60
166,2016,415,350.0,415.0,350
194,2016,2818,794.67,939.333333,2384
212,2016,758,742.0,758.0,742
221,2016,496,270.0,248.0,540
221,2016,579,270.0,289.5,540
233,2016,129,32.67,43.0,98
233,2016,119,46.0,59.5,92
243,2016,514,430.0,514.0,430
243,2016,74,27.5,37.0,55
264,2016,515,135.33,171.666667,406
264,2016,52,13.33,17.333333,40
279,2016,394,330.0,394.0,330
181,2015,899,500.0,449.5,1000
242,2015,931,280.0,310.333333,840
242,2015,153,150.0,153.0,150
299,2015,168,50.0,56.0,150
355,2015,725,337.5,362.5,675
355,2015,24,25.0,24.0,25
376,2015,452,141.67,150.666667,425
376,2015,70,21.33,23.333333,64
398,2015,150,140.0,150.0,140
402,2015,1711,1701.0,1711.0,1701
404,2015,976,560.0,488.0,1120
404,2015,29,8.0,9.666667,24
404,2015,206,200.0,206.0,200
430,2015,4,1.33,1.333333,4
430,2015,717,652.0,717.0,652
430,2015,67,20.0,22.333333,60
431,2015,416,180.0,208.0,360
431,2015,137,41.67,45.666667,125
439,2015,111,52.0,55.5,104
439,2015,948,913.0,948.0,913
198,2016,754,247.33,251.333333,742
232,2016,2411,1192.0,1205.5,2384
35,2016,302,112.5,151.0,225
49,2016,21,6.0,7.0,18
221,2016,124,58.5,62.0,117
284,2015,231,180.0,231.0,180
348,2015,196,216.0,196.0,216
407,2015,1772,795.0,886.0,1590
322,2015,2149,1147.5,1074.5,2295
3,2016,717,630.0,717.0,630
3,2016,112,95.0,112.0,95
19,2016,353,300.0,353.0,300
19,2016,179,65.0,89.5,130
52,2016,33,8.33,11.0,25
53,2016,659,280.0,329.5,560
53,2016,13,4.5,6.5,9
140,2016,1252,326.0,417.333333,978
145,2016,141,60.0,70.5,120
196,2016,504,195.0,252.0,390
196,2016,60,50.0,60.0,50
244,2016,239,203.0,239.0,203
244,2016,92,37.5,46.0,75
244,2016,75,28.5,37.5,57
277,2015,411,175.0,205.5,350
277,2015,87,38.0,43.5,76
277,2015,21,6.0,7.0,18
37,2016,253,191.0,253.0,191
269,2015,24,12.0,12.0,24
412,2015,127,39.67,42.333333,119
249,2015,273,231.0,273.0,231
257,2015,63,28.0,31.5,56
304,2015,229,95.5,114.5,191
333,2015,115,111.0,115.0,111
387,2015,181,183.0,181.0,183
35,2016,154,63.5,77.0,127
168,2016,77,28.0,38.5,56
340,2015,44,40.0,44.0,40
40,2016,862,333.5,431.0,667
40,2016,94,35.0,47.0,70
49,2016,1660,567.0,553.333333,1701
56,2016,100,84.0,100.0,84
56,2016,645,184.67,215.0,554
63,2016,622,540.0,622.0,540
71,2016,83,69.0,83.0,69
71,2016,1126,373.33,375.333333,1120
71,2016,74,56.0,74.0,56
71,2016,546,450.0,546.0,450
74,2016,1091,945.0,1091.0,945
74,2016,69,18.33,23.0,55
113,2016,1734,660.0,867.0,1320
130,2016,1221,870.0,1221.0,870
130,2016,97,80.0,97.0,80
138,2016,1218,1120.0,1218.0,1120
141,2016,71,30.0,35.5,60
157,2016,521,180.0,173.666667,540
186,2016,936,222.33,312.0,667
186,2016,139,57.5,69.5,115
186,2016,17,7.0,8.5,14
187,2016,549,540.0,549.0,540
199,2016,1074,560.0,537.0,1120
200,2015,739,261.0,246.333333,783
265,2015,135,115.0,135.0,115
265,2015,160,140.0,160.0,140
290,2015,997,1120.0,997.0,1120
306,2015,1629,1701.0,1629.0,1701
372,2015,819,367.5,409.5,735
372,2015,164,46.67,54.666667,140
389,2015,1062,1120.0,1062.0,1120
419,2015,153,75.0,76.5,150
419,2015,71,23.33,23.666667,70
420,2015,539,261.0,269.5,522
420,2015,29,25.0,29.0,25
426,2015,37,11.67,12.333333,35
430,2015,1032,1120.0,1032.0,1120
431,2015,112,100.0,112.0,100
431,2015,885,256.67,295.0,770
431,2015,24,7.67,8.0,23
441,2015,1153,326.67,384.333333,980
441,2015,6,1.67,2.0,5
297,2015,2210,2295.0,2210.0,2295
319,2015,69,63.0,69.0,63
52,2016,464,132.0,154.666667,396
52,2016,19,5.33,6.333333,16
149,2016,2456,765.0,818.666667,2295
226,2016,633,593.0,633.0,593
300,2015,2257,2295.0,2257.0,2295
300,2015,164,135.0,164.0,135
325,2015,235,77.0,78.333333,231
343,2015,2237,765.0,745.666667,2295
442,2015,1082,373.33,360.666667,1120
192,2016,615,528.0,615.0,528
345,2015,1349,605.0,674.5,1210
345,2015,140,127.0,140.0,127
4,2016,945,358.5,472.5,717
14,2016,1108,840.0,1108.0,840
14,2016,46,11.67,15.333333,35
58,2016,7,1.67,2.333333,5
58,2016,64,23.0,32.0,46
138,2016,146,105.0,146.0,105
256,2016,44,18.5,22.0,37
299,2015,109,50.0,54.5,100
299,2015,207,66.67,69.0,200
415,2015,120,54.0,60.0,108
415,2015,630,587.0,630.0,587
420,2015,165,75.0,82.5,150
420,2015,497,420.0,497.0,420
93,2016,88,34.5,44.0,69
134,2016,498,192.5,249.0,385
141,2016,105,44.0,52.5,88
141,2016,424,161.0,212.0,322
158,2016,85,65.0,85.0,65
203,2016,34,12.5,17.0,25
225,2016,42,11.33,14.0,34
246,2016,173,75.0,86.5,150
323,2015,1052,338.33,350.666667,1015
323,2015,8,7.0,8.0,7
374,2015,668,595.0,668.0,595
374,2015,83,80.0,83.0,80
401,2015,51,15.33,17.0,46
404,2015,119,55.0,59.5,110
404,2015,128,35.0,42.666667,105
406,2015,27,8.33,9.0,25
417,2015,21,20.0,21.0,20
417,2015,850,280.0,283.333333,840
425,2015,1028,315.0,342.666667,945
22,2016,10,3.0,3.333333,9
83,2016,69,50.0,69.0,50
107,2016,148,57.5,74.0,115
107,2016,75,60.0,75.0,60
174,2016,146,45.0,48.666667,135
174,2016,746,551.0,746.0,551
174,2016,36,27.0,36.0,27
193,2016,6,2.5,3.0,5
201,2016,153,65.0,76.5,130
201,2016,973,241.67,324.333333,725
243,2016,973,725.0,973.0,725
243,2016,121,50.0,60.5,100
376,2015,6,1.67,2.0,5
376,2015,33,15.0,16.5,30
392,2015,94,42.5,47.0,85
392,2015,1090,1015.0,1090.0,1015
392,2015,55,26.5,27.5,53
430,2015,19,5.33,6.333333,16
430,2015,469,141.67,156.333333,425
430,2015,54,23.0,27.0,46
203,2016,288,231.0,288.0,231
23,2016,2211,1147.5,1105.5,2295
30,2016,2242,1160.0,1121.0,2320
145,2016,1680,850.5,840.0,1701
118,2015,891,1000.0,891.0,1000
167,2015,931,500.0,465.5,1000
176,2015,941,333.33,313.666667,1000
316,2015,2328,1147.5,1164.0,2295
398,2015,2106,773.33,702.0,2320
420,2015,784,256.33,261.333333,769
66,2016,303,220.0,303.0,220
66,2016,173,71.5,86.5,143
88,2016,787,197.67,262.333333,593
307,2015,38,16.0,19.0,32
394,2015,16,8.0,8.0,16
272,2016,933,815.0,933.0,815
349,2015,685,297.5,342.5,595
349,2015,136,60.0,68.0,120
349,2015,68,19.0,22.666667,57
402,2015,161,50.0,53.666667,150
405,2015,54,15.33,18.0,46
298,2015,576,238.5,288.0,477
108,2016,1029,300.0,343.0,900
218,2016,2440,1147.5,1220.0,2295
221,2016,2522,773.33,840.666667,2320
303,2015,2219,765.0,739.666667,2295
303,2015,1307,366.67,435.666667,1100
318,2015,2131,765.0,710.333333,2295
391,2015,512,270.0,256.0,540
407,2015,2220,2295.0,2220.0,2295
407,2015,1451,522.0,483.666667,1566
409,2015,926,300.0,308.666667,900
299,2015,2280,1160.0,1140.0,2320
299,2015,33,30.0,33.0,30
299,2015,163,140.0,163.0,140
299,2015,1491,687.5,745.5,1375
96,2016,583,245.0,291.5,490
108,2016,87,23.33,29.0,70
232,2016,1233,315.0,411.0,945
318,2015,1106,326.67,368.666667,980
336,2015,1092,315.0,364.0,945
259,2015,2548,2320.0,2548.0,2320
7,2016,743,247.33,247.666667,742
27,2016,804,247.33,268.0,742
35,2016,2459,1192.0,1229.5,2384
148,2016,782,247.33,260.666667,742
208,2016,2550,1192.0,1275.0,2384
419,2015,2168,794.67,722.666667,2384
431,2015,2089,1192.0,1044.5,2384
255,2015,2506,1160.0,1253.0,2320
10,2016,1011,350.0,505.5,700
203,2016,58,36.0,58.0,36
203,2016,71,35.0,35.5,70
203,2016,905,280.0,301.666667,840
112,2015,1420,1035.5,710.0,2071
257,2015,1884,1160.0,942.0,2320
257,2015,95,55.0,47.5,110
257,2015,58,30.0,29.0,60
257,2015,851,198.33,283.666667,595
329,2015,195,81.67,65.0,245
26,2016,2720,1192.0,1360.0,2384
184,2016,786,247.33,262.0,742
282,2015,2007,2320.0,2007.0,2320
356,2015,529,270.0,264.5,540
363,2015,751,384.5,375.5,769
383,2015,551,180.0,183.666667,540
245,2015,2726,773.33,908.666667,2320
245,2015,40,30.0,40.0,30
245,2015,47,17.5,23.5,35
245,2015,795,186.67,265.0,560
128,2015,2267,2049.0,2267.0,2049
292,2015,2326,1147.5,1163.0,2295
152,2015,2154,1024.5,1077.0,2049
251,2015,1630,2295.0,1630.0,2295
251,2015,157,43.33,52.333333,130
251,2015,204,145.0,204.0,145
251,2015,100,108.0,100.0,108
26,2016,2414,1192.0,1207.0,2384
26,2016,733,183.67,244.333333,551
26,2016,90,23.33,30.0,70
26,2016,120,35.0,40.0,105
145,2016,92,24.0,30.666667,72
145,2016,1301,338.33,433.666667,1015
253,2015,2169,1147.5,1084.5,2295
253,2015,982,402.5,491.0,805
253,2015,78,36.0,39.0,72
328,2015,41,12.0,13.666667,36
328,2015,193,86.0,96.5,172
17,2016,90,75.0,90.0,75
17,2016,149,48.0,49.666667,144
17,2016,828,385.0,414.0,770
351,2015,167,130.0,167.0,130
351,2015,45,18.0,22.5,36
30,2016,274,73.33,91.333333,220
146,2015,1416,1024.5,708.0,2049
247,2015,2681,1160.0,1340.5,2320
247,2015,36,35.0,36.0,35
306,2015,153,38.67,51.0,116
334,2015,1045,420.0,522.5,840
334,2015,78,33.0,39.0,66
309,2015,209,100.0,104.5,200
309,2015,93,63.0,46.5,126
356,2015,772,216.0,257.333333,648
12,2016,352,83.33,117.333333,250
272,2016,119,45.0,59.5,90
272,2016,39,27.0,39.0,27
272,2016,1818,1188.0,1818.0,1188
386,2015,74,81.0,74.0,81
386,2015,184,140.0,184.0,140
203,2016,129,45.0,64.5,90
203,2016,242,85.5,121.0,171
203,2016,371,112.5,185.5,225
29,2016,44,17.5,22.0,35
29,2016,145,110.0,145.0,110
69,2016,159,43.33,53.0,130
69,2016,68,25.0,34.0,50
109,2016,144,52.5,72.0,105
109,2016,55,22.5,27.5,45
123,2016,359,130.5,179.5,261
123,2016,151,36.67,50.333333,110
160,2016,121,90.0,121.0,90
160,2016,182,48.33,60.666667,145
309,2015,22,10.0,11.0,20
75,2016,114,24.0,38.0,72
75,2016,138,31.67,46.0,95
75,2016,167,122.0,167.0,122
332,2015,56,20.0,28.0,40
332,2015,56,20.5,28.0,41
371,2015,58,22.5,29.0,45
371,2015,418,319.0,418.0,319
371,2015,565,210.0,282.5,420
136,2016,1661,1404.0,1661.0,1404
326,2015,709,250.0,354.5,500
139,2015,1555,690.33,518.333333,2071
312,2015,2729,773.33,909.666667,2320
312,2015,265,125.0,132.5,250
312,2015,964,385.0,482.0,770
49,2016,414,352.0,414.0,352
301,2015,55,13.33,18.333333,40
301,2015,12,10.0,12.0,10
301,2015,68,24.0,34.0,48
410,2015,254,99.0,127.0,198
410,2015,170,40.0,56.666667,120
163,2015,1566,683.0,522.0,2049
314,2015,2323,1147.5,1161.5,2295
248,2016,94,25.0,31.333333,75
248,2016,87,40.5,43.5,81
43,2016,164,162.0,164.0,162
43,2016,12,5.0,6.0,10
43,2016,1376,490.0,688.0,980
91,2016,263,189.0,263.0,189
91,2016,72,27.5,36.0,55
91,2016,232,81.67,77.333333,245
153,2016,740,805.0,740.0,805
182,2016,1354,945.0,1354.0,945
320,2015,483,175.0,241.5,350
323,2015,214,58.33,71.333333,175
426,2015,45,11.67,15.0,35
182,2016,761,551.0,761.0,551
182,2016,42,12.5,21.0,25
320,2015,778,580.0,778.0,580
320,2015,184,135.0,184.0,135
328,2015,34,9.0,11.333333,27
354,2015,106,43.5,53.0,87
355,2015,234,87.0,117.0,174
355,2015,7,1.67,2.333333,5
378,2015,120,44.0,60.0,88
378,2015,30,23.0,30.0,23
426,2015,100,80.0,100.0,80
426,2015,1093,390.0,546.5,780
300,2015,55,16.0,18.333333,48
10,2016,1008,318.5,504.0,637
154,2015,1869,690.33,623.0,2071
286,2015,2005,765.0,668.333333,2295
286,2015,1295,440.0,431.666667,1320
333,2015,587,735.0,587.0,735
247,2015,1434,1045.0,1434.0,1045
247,2015,302,270.0,302.0,270
358,2015,759,233.33,253.0,700
46,2016,1442,850.5,721.0,1701
154,2015,2599,690.33,866.333333,2071
280,2015,1737,773.33,579.0,2320
280,2015,171,60.0,85.5,120
280,2015,196,150.0,196.0,150
280,2015,13,18.0,13.0,18
280,2015,368,540.0,368.0,540
412,2015,411,270.0,205.5,540
412,2015,80,21.33,26.666667,64
412,2015,57,13.67,19.0,41
48,2016,587,121.67,195.666667,365
308,2015,667,522.0,667.0,522
308,2015,195,150.0,195.0,150
328,2015,486,116.67,162.0,350
328,2015,27,20.0,27.0,20
351,2015,73,55.0,73.0,55
351,2015,21,5.33,7.0,16
423,2015,1037,780.0,1037.0,780
423,2015,110,26.67,36.666667,80
356,2015,307,72.0,102.333333,216
438,2015,2022,486.0,674.0,1458
65,2016,995,384.5,497.5,769
183,2015,1717,683.0,572.333333,2049
296,2015,2460,773.33,820.0,2320
296,2015,60,25.0,20.0,75
296,2015,1221,980.0,1221.0,980
296,2015,71,23.33,23.666667,70
71,2016,672,262.5,336.0,525
86,2016,101,40.0,50.5,80
86,2016,92,75.0,92.0,75
86,2016,83,60.0,83.0,60
203,2016,798,183.67,266.0,551
203,2016,31,27.0,31.0,27
267,2015,976,233.33,325.333333,700
302,2015,335,192.5,167.5,385
302,2015,986,291.67,328.666667,875
312,2015,712,490.0,712.0,490
397,2015,367,96.67,122.333333,290
397,2015,180,43.33,60.0,130
397,2015,37,18.5,18.5,37
443,2015,900,402.5,450.0,805
46,2016,403,245.0,403.0,245
132,2016,2844,794.67,948.0,2384
132,2016,229,54.0,76.333333,162
140,2016,919,210.0,306.333333,630
306,2015,2705,1147.5,1352.5,2295
306,2015,28,10.0,14.0,20
306,2015,28,10.0,14.0,20
306,2015,1205,326.67,401.666667,980
365,2015,1755,850.5,877.5,1701
365,2015,1416,350.0,472.0,1050
365,2015,169,135.0,169.0,135
375,2015,2927,2443.0,2927.0,2443
40,2016,794,247.33,264.666667,742
84,2016,991,826.0,991.0,826
62,2016,225,140.0,225.0,140
62,2016,195,144.0,195.0,144
170,2015,2098,1024.5,1049.0,2049
300,2015,1859,2295.0,1859.0,2295
300,2015,418,93.33,139.333333,280
390,2015,444,540.0,444.0,540
390,2015,97,108.0,97.0,108
40,2016,786,180.0,262.0,540
40,2016,14,3.0,4.666667,9
63,2016,1986,2384.0,1986.0,2384
158,2016,808,742.0,808.0,742
158,2016,5,1.67,1.666667,5
158,2016,86,27.0,43.0,54
221,2016,2083,1192.0,1041.5,2384
165,2015,2435,2049.0,2435.0,2049
269,2015,1492,773.33,497.333333,2320
417,2015,487,270.0,243.5,540
417,2015,151,60.0,50.333333,180
417,2015,272,171.0,272.0,171
225,2016,190,40.0,63.333333,120
225,2016,1123,700.0,1123.0,700
232,2016,1267,385.0,633.5,770
426,2015,192,150.0,192.0,150
426,2015,601,150.0,200.333333,450
426,2015,552,420.0,552.0,420
337,2015,817,265.0,272.333333,795
162,2016,594,540.0,594.0,540
162,2016,295,108.0,147.5,216
241,2016,288,261.0,288.0,261
211,2015,2205,2443.0,2205.0,2443
235,2015,2328,814.33,776.0,2443
306,2015,2230,814.33,743.333333,2443
142,2016,2794,794.67,931.333333,2384
142,2016,239,162.0,239.0,162
278,2015,563,270.0,281.5,540
322,2015,2757,765.0,919.0,2295
441,2015,1984,567.0,661.333333,1701
441,2015,858,302.5,429.0,605
3,2016,260,103.5,130.0,207
66,2016,173,54.0,86.5,108
306,2015,287,234.0,287.0,234
338,2015,267,207.0,267.0,207
377,2015,251,90.0,125.5,180
142,2016,3161,2384.0,3161.0,2384
145,2016,3184,794.67,1061.333333,2384
89,2016,3681,1192.0,1840.5,2384
89,2016,99,47.5,49.5,95
89,2016,67,24.0,22.333333,72
89,2016,1351,945.0,1351.0,945
199,2016,701,540.0,701.0,540
199,2016,419,121.5,209.5,243
199,2016,152,150.0,152.0,150
199,2016,998,315.0,499.0,630
228,2016,519,188.33,173.0,565
228,2016,1509,1458.0,1509.0,1458
234,2016,2567,1192.0,1283.5,2384
234,2016,835,275.5,417.5,551
234,2016,14,10.0,14.0,10
234,2016,72,80.0,72.0,80
220,2015,2386,690.33,795.333333,2071
323,2015,2709,1147.5,1354.5,2295
323,2015,952,402.5,476.0,805
344,2015,1032,770.0,1032.0,770
344,2015,200,50.0,66.666667,150
111,2016,2113,1701.0,2113.0,1701
111,2016,64,15.0,21.333333,45
111,2016,224,72.0,112.0,144
111,2016,636,128.33,212.0,385
115,2016,3455,2384.0,3455.0,2384
115,2016,231,48.33,77.0,145
115,2016,39,27.0,39.0,27
335,2015,2901,765.0,967.0,2295
335,2015,739,175.0,246.333333,525
335,2015,90,35.0,45.0,70
88,2016,2754,794.67,918.0,2384
88,2016,54,35.0,54.0,35
88,2016,826,1050.0,826.0,1050
196,2016,567,270.0,283.5,540
196,2016,146,76.5,73.0,153
196,2016,112,65.0,112.0,65
236,2016,862,188.33,287.333333,565
236,2016,471,253.0,235.5,506
236,2016,1113,472.5,556.5,945
213,2015,2247,1035.5,1123.5,2071
310,2015,1620,2320.0,1620.0,2320
310,2015,214,130.0,107.0,260
388,2015,1520,607.5,760.0,1215
388,2015,101,42.5,50.5,85
388,2015,494,232.0,247.0,464
388,2015,1307,525.0,653.5,1050
36,2016,1284,607.5,642.0,1215
36,2016,1493,396.0,497.666667,1188
60,2016,2687,814.33,895.666667,2443
94,2016,3234,1192.0,1617.0,2384
202,2015,1555,2049.0,1555.0,2049
249,2015,2685,1192.0,1342.5,2384
249,2015,192,144.0,192.0,144
249,2015,46,45.0,46.0,45
249,2015,1035,490.0,517.5,980
249,2015,10,4.5,5.0,9
249,2015,2516,2443.0,2516.0,2443
353,2015,1812,2320.0,1812.0,2320
415,2015,2078,1192.0,1039.0,2384
415,2015,384,128.33,128.0,385
444,2015,2696,765.0,898.666667,2295
444,2015,69,50.0,69.0,50
444,2015,70,16.67,23.333333,50
109,2016,627,250.0,313.5,500
111,2016,1905,700.0,952.5,1400
190,2016,1049,450.0,524.5,900
347,2015,821,283.33,273.666667,850
369,2015,1719,1566.0,1719.0,1566
383,2015,63,18.0,21.0,54
406,2015,1216,513.0,608.0,1026
228,2016,691,540.0,691.0,540
191,2016,521,116.67,173.666667,350
303,2015,285,105.0,142.5,210
71,2016,1696,2384.0,1696.0,2384
113,2016,2838,814.33,946.0,2443
142,2016,3345,794.67,1115.0,2384
197,2015,2737,1035.5,1368.5,2071
261,2015,3095,2443.0,3095.0,2443
286,2015,2615,2384.0,2615.0,2384
333,2015,997,371.0,498.5,742
341,2015,1576,1147.5,788.0,2295
421,2015,2414,1160.0,1207.0,2320
352,2015,868,648.0,868.0,648
319,2015,2486,765.0,828.666667,2295
401,2015,1686,504.0,562.0,1512
417,2015,210,48.0,70.0,144
417,2015,50,54.0,50.0,54
444,2015,255,100.0,127.5,200
109,2016,87,24.33,29.0,73
19,2016,292,210.0,292.0,210
24,2016,1500,455.0,750.0,910
108,2016,953,297.5,476.5,595
122,2016,397,81.67,132.333333,245
172,2016,1437,326.67,479.0,980
331,2015,1297,326.67,432.333333,980
347,2015,199,46.67,66.333333,140
441,2015,90,70.0,90.0,70
206,2015,2211,2071.0,2211.0,2071
320,2015,2008,765.0,669.333333,2295
320,2015,595,315.0,297.5,630
320,2015,38,30.0,38.0,30
320,2015,71,69.0,71.0,69
320,2015,111,80.0,111.0,80
408,2015,563,540.0,563.0,540
408,2015,20,7.5,10.0,15
408,2015,228,81.0,76.0,243
33,2016,770,180.0,256.666667,540
33,2016,129,42.0,43.0,126
33,2016,102,32.5,51.0,65
304,2015,72,37.5,36.0,75
304,2015,222,100.0,111.0,200
277,2015,2813,765.0,937.666667,2295
191,2016,606,128.33,202.0,385
221,2016,1633,1350.0,1633.0,1350
301,2015,1267,1050.0,1267.0,1050
302,2015,1258,486.0,629.0,972
313,2015,334,486.0,334.0,486
360,2015,970,414.0,323.333333,1242
317,2015,2344,2320.0,2344.0,2320
317,2015,818,198.33,272.666667,595
62,2016,174,71.5,87.0,143
199,2016,217,53.0,72.333333,159
362,2015,190,175.0,190.0,175
209,2016,52,13.67,17.333333,41
410,2015,1037,490.0,518.5,980
386,2015,30,27.0,30.0,27
388,2015,81,70.0,81.0,70
388,2015,79,23.33,26.333333,70
388,2015,43,14.67,14.333333,44
37,2016,1778,530.0,592.666667,1590
151,2016,115,29.0,38.333333,87
266,2016,1155,315.0,385.0,945
398,2015,59,19.0,19.666667,57
124,2015,2123,683.0,707.666667,2049
340,2015,2004,1147.5,1002.0,2295
340,2015,216,225.0,216.0,225
54,2016,1220,525.0,610.0,1050
97,2016,377,162.0,188.5,324
230,2016,549,126.0,183.0,378
420,2015,230,300.0,230.0,300
19,2016,1772,783.0,886.0,1566
302,2015,543,500.0,543.0,500
327,2015,552,300.0,276.0,600
337,2015,147,54.0,49.0,162
327,2015,1191,432.0,595.5,864
393,2015,691,630.0,691.0,630
393,2015,419,128.33,139.666667,385
1,2016,243,216.0,243.0,216
76,2016,477,116.67,159.0,350
203,2016,566,243.0,283.0,486
311,2015,900,850.0,900.0,850
375,2015,1746,783.0,873.0,1566
27,2016,71,36.0,35.5,72
27,2016,309,234.0,309.0,234
28,2016,1080,348.0,540.0,696
28,2016,82,20.0,27.333333,60
28,2016,872,560.0,872.0,560
68,2016,164,52.0,82.0,104
68,2016,790,297.5,395.0,595
68,2016,189,144.0,189.0,144
68,2016,302,175.0,151.0,350
76,2016,136,85.0,136.0,85
76,2016,633,315.0,316.5,630
90,2016,107,58.0,53.5,116
141,2016,214,145.0,214.0,145
141,2016,901,326.67,300.333333,980
141,2016,155,72.0,77.5,144
147,2016,887,171.33,295.666667,514
147,2016,23,5.0,7.666667,15
153,2016,193,75.0,96.5,150
153,2016,15,16.0,15.0,16
174,2016,794,645.0,794.0,645
174,2016,101,90.0,101.0,90
175,2016,161,193.0,161.0,193
175,2016,6,1.33,2.0,4
205,2016,129,116.0,129.0,116
205,2016,127,43.0,63.5,86
260,2016,718,203.0,239.333333,609
260,2016,74,25.0,24.666667,75
260,2016,89,17.67,29.666667,53
296,2015,98,45.0,49.0,90
296,2015,1130,1400.0,1130.0,1400
303,2015,623,217.5,311.5,435
303,2015,10,3.33,3.333333,10
303,2015,48,60.0,48.0,60
303,2015,1078,397.5,539.0,795
318,2015,722,183.67,240.666667,551
318,2015,36,12.5,18.0,25
318,2015,60,23.0,30.0,46
332,2015,24,7.0,8.0,21
353,2015,267,129.0,133.5,258
353,2015,29,12.0,9.666667,36
353,2015,17,5.33,5.666667,16
355,2015,105,67.5,52.5,135
355,2015,170,41.67,56.666667,125
359,2015,32,17.5,16.0,35
359,2015,80,31.0,40.0,62
359,2015,104,45.0,52.0,90
359,2015,788,280.0,394.0,560
371,2015,121,100.0,121.0,100
371,2015,12,4.5,6.0,9
412,2015,26,10.0,13.0,20
413,2015,121,43.33,40.333333,130
413,2015,476,385.0,476.0,385
422,2015,759,319.0,379.5,638
422,2015,21,8.33,7.0,25
422,2015,1338,315.0,446.0,945
425,2015,371,261.0,371.0,261
425,2015,137,57.5,68.5,115
425,2015,12,14.0,12.0,14
340,2015,70,54.0,70.0,54
1,2016,759,297.5,379.5,595
12,2016,1222,326.67,407.333333,980
50,2016,127,35.0,42.333333,105
76,2016,137,35.0,45.666667,105
88,2016,715,525.0,715.0,525
186,2016,218,87.5,109.0,175
298,2015,553,245.0,276.5,490
384,2015,905,367.5,452.5,735
413,2015,39,35.0,39.0,35
424,2015,292,140.0,146.0,280
436,2015,295,122.5,147.5,245
134,2016,1006,769.0,1006.0,769
339,2015,2606,773.33,868.666667,2320
155,2016,2188,1160.0,1094.0,2320
217,2015,2592,1035.5,1296.0,2071
345,2015,2697,2295.0,2697.0,2295
345,2015,32,14.67,10.666667,44
211,2015,2377,2071.0,2377.0,2071
333,2015,1774,2320.0,1774.0,2320
333,2015,76,30.0,25.333333,90
222,2015,2040,690.33,680.0,2071
348,2015,2783,1147.5,1391.5,2295
358,2015,553,256.33,184.333333,769
231,2015,2328,2049.0,2328.0,2049
337,2015,1803,765.0,601.0,2295
197,2015,1349,1035.5,674.5,2071
197,2015,1605,2049.0,1605.0,2049
337,2015,2205,2320.0,2205.0,2320
337,2015,86,100.0,86.0,100
337,2015,7,5.0,7.0,5
397,2015,2093,2320.0,2093.0,2320
372,2015,107,105.0,107.0,105
14,2016,24,6.0,8.0,18
108,2016,55,22.5,27.5,45
231,2015,1718,690.33,572.666667,2071
364,2015,2272,765.0,757.333333,2295
197,2015,2075,1024.5,1037.5,2049
365,2015,2122,1147.5,1061.0,2295
365,2015,321,175.0,160.5,350
365,2015,4,5.0,4.0,5
365,2015,774,636.0,774.0,636
414,2015,280,165.0,140.0,330
414,2015,9,5.5,4.5,11
407,2015,153,60.0,76.5,120
407,2015,168,135.0,168.0,135
47,2015,1681,1024.5,840.5,2049
405,2015,622,256.33,207.333333,769
407,2015,2552,765.0,850.666667,2295
95,2016,121,90.0,121.0,90
397,2015,1854,765.0,618.0,2295
397,2015,54,16.67,18.0,50
434,2015,2660,2320.0,2660.0,2320
434,2015,330,240.0,330.0,240
63,2016,462,105.0,154.0,315
63,2016,520,378.0,520.0,378
244,2016,1059,233.33,353.0,700
256,2016,861,420.0,430.5,840
254,2016,73,15.0,24.333333,45
349,2015,2646,1160.0,1323.0,2320
349,2015,1111,268.33,370.333333,805
349,2015,82,20.0,27.333333,60
427,2015,2031,1160.0,1015.5,2320
427,2015,78,30.0,39.0,60
427,2015,75,30.0,37.5,60
427,2015,261,245.0,261.0,245
427,2015,192,72.0,64.0,216
391,2015,563,227.5,281.5,455
422,2015,2525,2295.0,2525.0,2295
422,2015,291,190.0,291.0,190
422,2015,73,47.5,36.5,95
422,2015,166,189.0,166.0,189
422,2015,773,280.0,386.5,560
15,2016,729,163.33,243.0,490
179,2016,888,280.0,444.0,560
129,2016,2308,2384.0,2308.0,2384
137,2016,2527,794.67,842.333333,2384
337,2015,53,15.0,17.666667,45
326,2015,2699,1147.5,1349.5,2295
185,2016,584,180.0,194.666667,540
428,2015,147,144.0,147.0,144
443,2015,2001,2320.0,2001.0,2320
443,2015,226,54.0,75.333333,162
425,2015,1746,1160.0,873.0,2320
425,2015,238,190.0,238.0,190
425,2015,71,47.5,35.5,95
218,2016,1010,595.0,1010.0,595
27,2016,826,371.0,413.0,742
190,2016,2627,794.67,875.666667,2384
87,2015,864,391.5,432.0,783
335,2015,941,373.33,313.666667,1120
444,2015,2821,765.0,940.333333,2295
136,2016,119,50.0,59.5,100
236,2016,570,418.0,570.0,418
373,2015,167,140.0,167.0,140
377,2015,49,20.0,24.5,40
377,2015,31,13.5,15.5,27
381,2015,146,117.0,146.0,117
381,2015,136,120.0,136.0,120
192,2016,155,38.33,51.666667,115
192,2016,315,216.0,315.0,216
228,2016,3312,1147.5,1656.0,2295
215,2015,2214,690.33,738.0,2071
326,2015,174,125.0,174.0,125
326,2015,13,4.5,6.5,9
379,2015,2675,2295.0,2675.0,2295
379,2015,158,43.33,52.666667,130
379,2015,21,7.5,10.5,15
361,2015,69,50.0,69.0,50
361,2015,158,115.0,158.0,115
278,2015,92,29.0,30.666667,87
173,2016,1156,525.0,578.0,1050
365,2015,1798,750.0,899.0,1500
398,2015,1612,504.0,537.333333,1512
421,2015,1204,1200.0,1204.0,1200
428,2015,906,432.0,453.0,864
430,2015,347,350.0,347.0,350
3,2016,145,65.0,72.5,130
3,2016,32,9.67,10.666667,29
55,2016,755,200.0,251.666667,600
55,2016,103,44.0,51.5,88
63,2016,728,268.5,364.0,537
63,2016,642,180.0,214.0,540
63,2016,49,20.0,24.5,40
63,2016,45,18.5,22.5,37
75,2016,54,48.0,54.0,48
107,2016,644,191.67,214.666667,575
107,2016,143,37.33,47.666667,112
107,2016,74,62.0,74.0,62
125,2016,275,232.0,275.0,232
147,2016,553,141.33,184.333333,424
147,2016,32,15.0,16.0,30
172,2016,626,560.0,626.0,560
172,2016,134,60.0,67.0,120
192,2016,135,38.33,45.0,115
192,2016,65,53.0,65.0,53
194,2016,873,384.5,436.5,769
204,2016,86,69.0,86.0,69
31,2015,2229,2443.0,2229.0,2443
39,2015,939,333.33,313.0,1000
57,2015,903,333.33,301.0,1000
220,2015,1827,690.33,609.0,2071
238,2015,2056,683.0,685.333333,2049
298,2015,11,3.33,3.666667,10
298,2015,659,319.0,329.5,638
304,2015,475,420.0,475.0,420
304,2015,154,150.0,154.0,150
307,2015,738,256.33,246.0,769
307,2015,791,360.0,395.5,720
307,2015,11,3.33,3.666667,10
367,2015,731,345.0,365.5,690
367,2015,50,16.0,16.666667,48
378,2015,2073,1147.5,1036.5,2295
378,2015,113,105.0,113.0,105
378,2015,75,65.0,75.0,65
378,2015,891,424.0,445.5,848
379,2015,2139,1160.0,1069.5,2320
385,2015,2214,2320.0,2214.0,2320
398,2015,323,96.67,107.666667,290
399,2015,2511,2443.0,2511.0,2443
399,2015,396,130.33,132.0,391
399,2015,94,80.0,94.0,80
399,2015,5,2.5,2.5,5
402,2015,493,480.0,493.0,480
402,2015,398,406.0,398.0,406
402,2015,72,30.0,36.0,60
418,2015,2219,773.33,739.666667,2320
430,2015,672,384.5,336.0,769
440,2015,272,125.0,136.0,250
440,2015,161,48.33,53.666667,145
442,2015,659,384.5,329.5,769
4,2016,55,45.0,55.0,45
6,2016,84,21.33,28.0,64
6,2016,79,31.0,39.5,62
95,2016,143,38.33,47.666667,115
172,2016,87,64.0,87.0,64
172,2016,36,28.0,36.0,28
204,2016,256,200.0,256.0,200
214,2016,107,44.0,53.5,88
214,2016,70,16.67,23.333333,50
225,2016,8,7.0,8.0,7
225,2016,6,1.67,2.0,5
322,2015,34,15.0,17.0,30
322,2015,517,420.0,517.0,420
377,2015,68,20.0,22.666667,60
377,2015,199,58.33,66.333333,175
377,2015,49,16.67,16.333333,50
252,2016,60,16.33,20.0,49
348,2015,723,325.0,361.5,650
360,2015,682,216.67,227.333333,650
372,2015,788,702.0,788.0,702
50,2016,176,45.0,58.666667,135
50,2016,54,19.5,27.0,39
63,2016,133,110.0,133.0,110
69,2016,104,75.0,104.0,75
89,2016,94,87.0,94.0,87
91,2016,116,35.0,38.666667,105
91,2016,89,23.33,29.666667,70
91,2016,46,35.0,46.0,35
93,2016,158,43.0,52.666667,129
93,2016,31,25.0,31.0,25
96,2016,144,135.0,144.0,135
96,2016,62,53.0,62.0,53
96,2016,42,16.0,21.0,32
97,2016,83,38.0,41.5,76
106,2016,20,5.33,6.666667,16
114,2016,130,34.33,43.333333,103
114,2016,29,8.33,9.666667,25
123,2016,77,70.0,77.0,70
123,2016,31,13.5,15.5,27
184,2016,86,23.0,28.666667,69
184,2016,63,18.67,21.0,56
201,2016,120,50.0,60.0,100
250,2016,28,25.0,28.0,25
250,2016,6,2.5,3.0,5
270,2016,3,0.67,1.0,2
293,2016,115,33.33,38.333333,100
318,2015,19,8.0,9.5,16
318,2015,186,98.0,93.0,196
319,2015,122,105.0,122.0,105
319,2015,39,17.5,19.5,35
319,2015,15,4.67,5.0,14
321,2015,488,232.0,244.0,464
396,2015,94,31.67,31.333333,95
396,2015,319,93.33,106.333333,280
409,2015,109,47.5,54.5,95
409,2015,180,87.5,90.0,175
428,2015,229,200.0,229.0,200
428,2015,65,20.67,21.666667,62
9,2016,160,76.5,80.0,153
438,2015,55,18.0,18.333333,54
168,2016,1113,560.0,556.5,1120
168,2016,546,420.0,546.0,420
175,2016,1090,560.0,545.0,1120
199,2016,342,280.0,342.0,280
13,2015,719,391.5,359.5,783
39,2015,1979,1221.5,989.5,2443
273,2015,508,180.0,169.333333,540
313,2015,896,455.0,448.0,910
320,2015,555,270.0,277.5,540
320,2015,178,87.5,89.0,175
416,2015,260,245.0,260.0,245
416,2015,496,270.0,248.0,540
416,2015,511,140.0,170.333333,420
417,2015,997,437.5,498.5,875
433,2015,513,270.0,256.5,540
24,2016,990,425.0,495.0,850
24,2016,176,76.5,88.0,153
58,2016,244,66.67,81.333333,200
68,2016,344,252.0,344.0,252
149,2016,46,12.0,15.333333,36
275,2015,400,400.0,400.0,400
298,2015,834,270.0,278.0,810
310,2015,276,117.0,138.0,234
329,2015,187,60.0,62.333333,180
329,2015,870,756.0,870.0,756
393,2015,891,283.33,297.0,850
68,2016,856,378.0,428.0,756
210,2016,1234,1050.0,1234.0,1050
210,2016,71,17.67,23.666667,53
303,2015,2094,773.33,698.0,2320
303,2015,80,64.0,80.0,64
332,2015,178,162.0,178.0,162
49,2016,196,85.5,98.0,171
73,2016,196,76.5,98.0,153
218,2016,261,75.0,87.0,225
14,2016,620,270.0,310.0,540
34,2016,2151,1147.5,1075.5,2295
83,2016,221,66.0,73.666667,198
84,2016,23,18.0,23.0,18
113,2016,2830,773.33,943.333333,2320
132,2016,35,27.0,35.0,27
153,2016,2615,773.33,871.666667,2320
168,2016,2413,2320.0,2413.0,2320
179,2016,1914,567.0,638.0,1701
191,2016,2681,2295.0,2681.0,2295
193,2016,2605,773.33,868.333333,2320
232,2016,2372,765.0,790.666667,2295
232,2016,209,189.0,209.0,189
116,2015,1863,2182.0,1863.0,2182
126,2015,1987,1091.0,993.5,2182
126,2015,2138,1091.0,1069.0,2182
144,2015,2124,727.33,708.0,2182
156,2015,745,261.0,248.333333,783
170,2015,848,333.33,282.666667,1000
312,2015,2235,2295.0,2235.0,2295
312,2015,61,21.0,20.333333,63
348,2015,651,256.33,217.0,769
359,2015,2261,2320.0,2261.0,2320
376,2015,99,33.0,33.0,99
381,2015,2087,765.0,695.666667,2295
389,2015,2004,1147.5,1002.0,2295
405,2015,505,188.33,168.333333,565
418,2015,2045,765.0,681.666667,2295
428,2015,2175,1147.5,1087.5,2295
441,2015,2215,1147.5,1107.5,2295
4,2016,93,70.0,93.0,70
4,2016,34,13.5,17.0,27
14,2016,68,52.0,68.0,52
14,2016,805,650.0,805.0,650
15,2016,879,700.0,879.0,700
15,2016,173,145.0,173.0,145
15,2016,1349,338.33,449.666667,1015
27,2016,635,262.5,317.5,525
27,2016,337,150.0,168.5,300
29,2016,19,5.0,6.333333,15
36,2016,80,70.0,80.0,70
48,2016,661,175.0,220.333333,525
48,2016,133,36.0,44.333333,108
62,2016,864,675.0,864.0,675
62,2016,11,4.5,5.5,9
74,2016,85,63.0,85.0,63
77,2016,381,157.5,190.5,315
79,2016,1829,675.0,914.5,1350
91,2016,1759,675.0,879.5,1350
106,2016,159,40.0,53.0,120
106,2016,20,15.0,20.0,15
115,2016,35,10.0,11.666667,30
115,2016,70,19.0,23.333333,57
117,2016,234,87.5,117.0,175
122,2016,1834,729.0,917.0,1458
122,2016,170,140.0,170.0,140
122,2016,152,120.0,152.0,120
122,2016,670,490.0,670.0,490
133,2016,122,100.0,122.0,100
133,2016,266,210.0,266.0,210
133,2016,366,105.0,122.0,315
147,2016,499,420.0,499.0,420
148,2016,550,406.0,550.0,406
148,2016,165,43.33,55.0,130
148,2016,492,385.0,492.0,385
155,2016,70,27.0,35.0,54
157,2016,94,27.0,31.333333,81
162,2016,169,43.33,56.333333,130
162,2016,437,377.0,437.0,377
179,2016,719,180.0,239.666667,540
189,2016,662,280.0,331.0,560
189,2016,26,10.0,13.0,20
189,2016,11,4.5,5.5,9
190,2016,274,70.0,91.333333,210
193,2016,539,225.0,269.5,450
193,2016,124,33.33,41.333333,100
194,2016,106,85.0,106.0,85
194,2016,310,130.5,155.0,261
194,2016,133,100.0,133.0,100
194,2016,86,23.33,28.666667,70
203,2016,876,351.0,438.0,702
204,2016,33,8.33,11.0,25
204,2016,826,665.0,826.0,665
210,2016,622,183.33,207.333333,550
210,2016,28,7.67,9.333333,23
225,2016,466,140.0,155.333333,420
225,2016,179,70.0,89.5,140
225,2016,30,25.0,30.0,25
228,2016,939,270.0,313.0,810
228,2016,59,55.0,59.0,55
229,2016,13,11.0,13.0,11
229,2016,45,12.0,15.0,36
229,2016,1041,815.0,1041.0,815
229,2016,1018,432.0,509.0,864
229,2016,219,60.0,73.0,180
230,2016,283,76.0,94.333333,228
230,2016,35,14.0,17.5,28
230,2016,627,151.67,209.0,455
291,2016,316,137.5,158.0,275
291,2016,45,37.0,45.0,37
300,2015,52,54.0,52.0,54
300,2015,246,108.0,123.0,216
311,2015,249,87.0,83.0,261
316,2015,349,301.0,349.0,301
316,2015,32,27.0,32.0,27
327,2015,36,35.0,36.0,35
333,2015,1012,338.33,337.333333,1015
341,2015,1301,675.0,650.5,1350
368,2015,160,135.0,160.0,135
379,2015,566,243.0,283.0,486
382,2015,99,45.0,49.5,90
382,2015,787,350.0,393.5,700
385,2015,245,243.0,245.0,243
387,2015,389,159.5,194.5,319
389,2015,353,105.0,117.666667,315
389,2015,49,25.0,24.5,50
389,2015,876,256.67,292.0,770
392,2015,1038,525.0,519.0,1050
392,2015,51,18.0,17.0,54
402,2015,370,175.0,185.0,350
403,2015,760,232.0,253.333333,696
403,2015,262,117.0,131.0,234
403,2015,94,75.0,94.0,75
405,2015,37,17.5,18.5,35
413,2015,132,100.0,132.0,100
415,2015,394,116.67,131.333333,350
424,2015,160,46.67,53.333333,140
424,2015,153,72.5,76.5,145
424,2015,454,140.0,151.333333,420
424,2015,38,17.5,19.0,35
424,2015,467,140.0,155.666667,420
429,2015,111,55.0,55.5,110
431,2015,10,4.5,5.0,9
431,2015,910,810.0,910.0,810
434,2015,101,46.0,50.5,92
434,2015,221,65.33,73.666667,196
434,2015,119,35.0,39.666667,105
438,2015,371,180.0,185.5,360
438,2015,65,32.0,32.5,64
438,2015,714,351.0,357.0,702
440,2015,639,330.0,319.5,660
408,2015,1493,1430.0,1493.0,1430
5,2016,317,122.5,158.5,245
5,2016,783,297.5,391.5,595
5,2016,33,9.0,11.0,27
27,2016,275,243.0,275.0,243
46,2016,129,33.33,43.0,100
70,2016,102,25.0,34.0,75
72,2016,87,34.0,43.5,68
72,2016,578,236.5,289.0,473
76,2016,334,90.0,111.333333,270
94,2016,35,13.5,17.5,27
104,2016,152,129.0,152.0,129
104,2016,208,81.0,104.0,162
143,2016,1739,1350.0,1739.0,1350
149,2016,34,13.5,17.0,27
160,2016,265,75.0,88.333333,225
178,2016,932,735.0,932.0,735
178,2016,154,41.67,51.333333,125
184,2016,783,630.0,783.0,630
184,2016,20,5.0,6.666667,15
190,2016,660,270.0,330.0,540
190,2016,209,72.0,104.5,144
216,2016,1247,1050.0,1247.0,1050
225,2016,726,297.0,363.0,594
225,2016,136,63.0,68.0,126
230,2016,162,45.0,54.0,135
233,2016,34,8.33,11.333333,25
234,2016,28,11.5,14.0,23
236,2016,146,35.0,48.666667,105
237,2016,100,26.67,33.333333,80
237,2016,641,175.0,213.666667,525
237,2016,1163,900.0,1163.0,900
239,2016,263,72.0,87.666667,216
244,2016,986,378.0,493.0,756
248,2016,26,20.0,26.0,20
248,2016,48,19.5,24.0,39
272,2016,40,12.0,13.333333,36
293,2016,107,26.67,35.666667,80
293,2016,104,43.0,52.0,86
249,2015,69,24.0,23.0,72
249,2015,491,489.0,491.0,489
257,2015,26,8.33,8.666667,25
304,2015,65,27.5,32.5,55
314,2015,146,75.0,73.0,150
316,2015,820,216.0,273.333333,648
333,2015,92,45.0,46.0,90
352,2015,1192,600.0,596.0,1200
362,2015,133,120.0,133.0,120
362,2015,1195,338.33,398.333333,1015
362,2015,13,3.67,4.333333,11
387,2015,283,93.33,94.333333,280
387,2015,56,55.0,56.0,55
391,2015,5,2.0,2.5,4
391,2015,850,391.0,425.0,782
391,2015,38,18.5,19.0,37
398,2015,102,95.0,102.0,95
398,2015,352,175.0,176.0,350
399,2015,610,560.0,610.0,560
411,2015,289,90.0,96.333333,270
433,2015,530,250.0,265.0,500
433,2015,45,41.0,45.0,41
434,2015,316,280.0,316.0,280
134,2016,2450,921.0,1225.0,1842
241,2016,1335,317.67,445.0,953
132,2016,435,116.67,145.0,350
132,2016,6,5.0,6.0,5
198,2016,382,350.0,382.0,350
287,2016,942,800.0,942.0,800
306,2015,21,10.0,10.5,20
331,2015,306,93.33,102.0,280
331,2015,52,16.0,17.333333,48
346,2015,505,270.0,252.5,540
346,2015,76,81.0,76.0,81
361,2015,849,390.0,424.5,780
370,2015,60,30.0,30.0,60
370,2015,3,0.67,1.0,2
381,2015,524,243.0,262.0,486
435,2015,343,163.0,171.5,326
38,2016,715,179.67,238.333333,539
107,2016,905,367.5,452.5,735
68,2016,134,50.0,67.0,100
276,2016,844,378.0,422.0,756
387,2015,279,135.0,139.5,270
155,2016,818,329.5,409.0,659
208,2016,146,36.67,48.666667,110
59,2016,172,122.0,172.0,122
62,2016,736,661.0,736.0,661
150,2016,525,441.0,525.0,441
60,2016,1351,1050.0,1351.0,1050
60,2016,1950,1842.0,1950.0,1842
424,2015,1093,507.5,546.5,1015
424,2015,67,21.67,22.333333,65
424,2015,967,875.0,967.0,875
78,2016,581,240.0,290.5,480
194,2016,274,240.0,274.0,240
237,2016,1515,400.0,505.0,1200
260,2016,2073,1560.0,2073.0,1560
37,2016,1090,870.0,1090.0,870
37,2016,99,26.67,33.0,80
37,2016,26,23.0,26.0,23
42,2016,735,580.0,735.0,580
42,2016,137,110.0,137.0,110
42,2016,59,48.0,59.0,48
79,2016,674,175.0,224.666667,525
122,2016,3,1.0,1.5,2
125,2016,464,179.5,232.0,359
125,2016,76,31.0,38.0,62
138,2016,79,23.33,26.333333,70
143,2016,284,118.0,142.0,236
172,2016,150,58.0,75.0,116
172,2016,28,25.0,28.0,25
173,2016,812,207.67,270.666667,623
178,2016,268,105.0,134.0,210
191,2016,105,85.0,105.0,85
201,2016,143,105.0,143.0,105
216,2016,525,192.5,262.5,385
232,2016,405,315.0,405.0,315
243,2016,269,105.0,134.5,210
298,2015,230,100.0,115.0,200
315,2015,182,175.0,182.0,175
315,2015,99,30.0,33.0,90
315,2015,366,157.5,183.0,315
319,2015,1167,507.5,583.5,1015
319,2015,89,90.0,89.0,90
319,2015,57,17.67,19.0,53
322,2015,247,245.0,247.0,245
322,2015,41,13.33,13.666667,40
322,2015,1053,315.0,351.0,945
323,2015,486,225.0,243.0,450
328,2015,471,425.0,471.0,425
376,2015,41,35.0,41.0,35
387,2015,116,105.0,116.0,105
387,2015,505,455.0,505.0,455
396,2015,105,100.0,105.0,100
416,2015,5,2.5,2.5,5
416,2015,265,240.0,265.0,240
416,2015,74,32.0,37.0,64
182,2016,556,198.0,278.0,396
201,2016,301,242.0,301.0,242
204,2016,54,14.67,18.0,44
225,2016,25,22.0,25.0,22
270,2016,677,528.0,677.0,528
281,2016,498,209.0,249.0,418
122,2016,1209,477.0,604.5,954
148,2016,265,198.0,265.0,198
194,2016,2474,1147.5,1237.0,2295
51,2015,2188,2071.0,2188.0,2071
213,2015,2043,690.33,681.0,2071
240,2015,1959,2071.0,1959.0,2071
318,2015,2290,2320.0,2290.0,2320
318,2015,375,159.0,187.5,318
327,2015,2402,765.0,800.666667,2295
433,2015,2307,1147.5,1153.5,2295
32,2016,275,196.0,275.0,196
399,2015,2152,2320.0,2152.0,2320
11,2015,2042,690.33,680.666667,2071
61,2015,1925,1024.5,962.5,2049
64,2015,1774,1024.5,887.0,2049
67,2015,1830,1024.5,915.0,2049
324,2015,730,384.5,365.0,769
363,2015,2301,765.0,767.0,2295
381,2015,2454,765.0,818.0,2295
418,2015,2399,1147.5,1199.5,2295
420,2015,764,769.0,764.0,769
428,2015,2027,2320.0,2027.0,2320
35,2016,134,55.0,67.0,110
85,2016,356,88.0,118.666667,264
91,2016,345,308.0,345.0,308
194,2016,477,198.0,238.5,396
208,2016,177,44.0,59.0,132
418,2015,1353,424.0,451.0,1272
82,2015,922,500.0,461.0,1000
348,2015,928,1120.0,928.0,1120
428,2015,1630,1701.0,1630.0,1701
394,2015,716,636.0,716.0,636
48,2016,1104,425.0,552.0,850
48,2016,750,198.0,250.0,594
73,2016,648,154.0,216.0,462
73,2016,412,324.0,412.0,324
113,2016,821,665.0,821.0,665
125,2016,257,108.0,128.5,216
130,2016,75,35.0,37.5,70
135,2016,513,210.0,256.5,420
136,2016,789,297.5,394.5,595
153,2016,424,176.0,212.0,352
164,2016,597,242.0,298.5,484
184,2016,435,187.0,217.5,374
185,2016,125,55.0,62.5,110
207,2016,498,385.0,498.0,385
221,2016,339,105.0,113.0,315
239,2016,1059,437.5,529.5,875
267,2015,459,128.33,153.0,385
298,2015,118,33.33,39.333333,100
305,2015,1108,455.0,554.0,910
307,2015,109,105.0,109.0,105
318,2015,780,367.5,390.0,735
319,2015,1124,525.0,562.0,1050
319,2015,1118,550.0,559.0,1100
336,2015,1198,600.0,599.0,1200
359,2015,114,35.0,38.0,105
375,2015,108,105.0,108.0,105
376,2015,252,245.0,252.0,245
376,2015,1146,567.0,573.0,1134
391,2015,53,50.0,53.0,50
406,2015,875,280.0,291.666667,840
426,2015,614,186.67,204.666667,560
437,2015,1064,324.0,354.666667,972
5,2016,168,120.0,168.0,120
5,2016,27,7.0,9.0,21
16,2016,816,571.0,816.0,571
16,2016,481,192.5,240.5,385
16,2016,369,308.0,369.0,308
16,2016,44,35.0,44.0,35
17,2016,180,51.33,60.0,154
22,2016,298,81.67,99.333333,245
30,2016,709,280.0,354.5,560
30,2016,205,50.0,68.333333,150
30,2016,17,15.0,17.0,15
32,2016,77,20.0,25.666667,60
32,2016,42,17.5,21.0,35
46,2016,906,251.33,302.0,754
46,2016,57,15.0,19.0,45
74,2016,235,87.5,117.5,175
78,2016,56,14.67,18.666667,44
79,2016,587,490.0,587.0,490
88,2016,719,528.0,719.0,528
92,2016,951,219.67,317.0,659
92,2016,358,315.0,358.0,315
125,2016,416,350.0,416.0,350
137,2016,48,17.5,24.0,35
150,2016,378,348.0,378.0,348
150,2016,103,40.0,51.5,80
168,2016,1128,980.0,1128.0,980
186,2016,178,50.0,59.333333,150
190,2016,936,245.0,312.0,735
190,2016,12,11.0,12.0,11
191,2016,807,700.0,807.0,700
219,2016,56,20.5,28.0,41
219,2016,45,20.0,22.5,40
234,2016,139,53.5,69.5,107
234,2016,88,23.0,29.333333,69
234,2016,68,56.0,68.0,56
237,2016,25,21.0,25.0,21
258,2016,52,44.0,52.0,44
279,2016,1044,456.5,522.0,913
279,2016,96,72.0,96.0,72
271,2015,712,630.0,712.0,630
302,2015,521,245.0,260.5,490
308,2015,409,175.0,204.5,350
308,2015,1037,315.0,345.666667,945
313,2015,563,163.33,187.666667,490
313,2015,33,10.0,11.0,30
313,2015,874,875.0,874.0,875
332,2015,146,65.0,73.0,130
332,2015,231,210.0,231.0,210
366,2015,132,105.0,132.0,105
366,2015,66,32.5,33.0,65
366,2015,767,332.5,383.5,665
374,2015,457,140.0,152.333333,420
378,2015,206,87.5,103.0,175
378,2015,12,5.5,6.0,11
381,2015,1079,455.0,539.5,910
381,2015,147,145.0,147.0,145
406,2015,698,315.0,349.0,630
407,2015,618,600.0,618.0,600
407,2015,69,21.33,23.0,64
416,2015,888,840.0,888.0,840
444,2015,274,81.67,91.333333,245
444,2015,89,90.0,89.0,90
444,2015,151,70.0,75.5,140
444,2015,994,455.0,497.0,910
444,2015,71,21.67,23.666667,65
444,2015,906,385.0,453.0,770
30,2016,269,81.67,89.666667,245
426,2015,1289,366.67,429.666667,1100
99,2016,527,540.0,527.0,540
181,2015,2049,1035.5,1024.5,2071
424,2015,2213,1160.0,1106.5,2320
424,2015,152,67.5,76.0,135
424,2015,2358,765.0,786.0,2295
426,2015,2206,1160.0,1103.0,2320
9,2016,679,500.0,679.0,500
92,2016,191,54.0,63.666667,162
166,2016,468,126.0,156.0,378
223,2016,845,325.0,422.5,650
360,2015,1099,575.0,549.5,1150
432,2015,405,133.33,135.0,400
305,2015,213,94.5,106.5,189
334,2015,304,252.0,304.0,252
389,2015,187,198.0,187.0,198
425,2015,268,78.0,89.333333,234
443,2015,226,63.0,75.333333,189
443,2015,2036,773.33,678.666667,2320
443,2015,1772,1595.0,1772.0,1595
59,2016,273,220.0,273.0,220
78,2016,244,66.0,81.333333,198
78,2016,48,13.33,16.0,40
78,2016,13,5.0,6.5,10
91,2016,174,62.5,87.0,125
91,2016,100,26.67,33.333333,80
312,2015,284,87.0,94.666667,261
312,2015,62,55.0,62.0,55
395,2015,107,33.33,35.666667,100
395,2015,162,75.0,81.0,150
431,2015,277,86.67,92.333333,260
431,2015,59,25.0,29.5,50
436,2015,234,210.0,234.0,210
436,2015,96,90.0,96.0,90
26,2016,140,110.0,140.0,110
4,2016,6,5.0,6.0,5
4,2016,391,157.5,195.5,315
14,2016,332,245.0,332.0,245
34,2016,498,385.0,498.0,385
46,2016,1808,1404.0,1808.0,1404
83,2016,368,175.0,184.0,350
84,2016,1078,864.0,1078.0,864
89,2016,70,25.0,35.0,50
100,2016,171,140.0,171.0,140
107,2016,55,13.33,18.333333,40
107,2016,8,3.5,4.0,7
113,2016,1080,268.33,360.0,805
113,2016,94,23.33,31.333333,70
113,2016,11,9.0,11.0,9
121,2016,1664,650.0,832.0,1300
132,2016,151,120.0,151.0,120
132,2016,37,16.0,18.5,32
132,2016,407,125.0,135.666667,375
132,2016,9,3.5,4.5,7
137,2016,246,65.33,82.0,196
137,2016,11,4.0,5.5,8
137,2016,1539,650.0,769.5,1300
153,2016,146,55.0,73.0,110
153,2016,322,122.5,161.0,245
179,2016,1164,342.0,388.0,1026
191,2016,868,665.0,868.0,665
204,2016,140,62.5,70.0,125
204,2016,35,14.5,17.5,29
205,2016,98,40.0,49.0,80
205,2016,298,225.0,298.0,225
205,2016,30,11.5,15.0,23
232,2016,2058,540.0,686.0,1620
291,2016,647,270.0,323.5,540
312,2015,404,192.5,202.0,385
312,2015,1289,1150.0,1289.0,1150
316,2015,52,16.67,17.333333,50
316,2015,956,420.0,478.0,840
316,2015,923,420.0,461.5,840
317,2015,299,97.67,99.666667,293
317,2015,122,37.33,40.666667,112
347,2015,750,367.5,375.0,735
347,2015,38,11.67,12.666667,35
347,2015,67,20.0,22.333333,60
369,2015,254,114.0,127.0,228
369,2015,4,1.33,1.333333,4
369,2015,977,437.5,488.5,875
403,2015,381,187.5,190.5,375
405,2015,698,300.0,349.0,600
405,2015,73,35.0,36.5,70
405,2015,28,13.5,14.0,27
421,2015,163,50.0,54.333333,150
421,2015,5,5.0,5.0,5
421,2015,266,122.5,133.0,245
428,2015,195,58.33,65.0,175
440,2015,561,540.0,561.0,540
440,2015,7,7.0,7.0,7
441,2015,1462,1250.0,1462.0,1250
6,2016,814,193.33,271.333333,580
6,2016,92,69.0,92.0,69
63,2016,97,37.5,48.5,75
325,2015,156,150.0,156.0,150
325,2015,2,0.67,0.666667,2
336,2015,427,116.67,142.333333,350
336,2015,22,6.67,7.333333,20
336,2015,269,119.5,134.5,239
415,2015,99,95.0,99.0,95
415,2015,706,315.0,353.0,630
415,2015,76,22.0,25.333333,66
415,2015,169,151.0,169.0,151
421,2015,930,900.0,930.0,900
442,2015,88,72.0,88.0,72
442,2015,1014,848.0,1014.0,848
442,2015,27,7.67,9.0,23
26,2016,2701,765.0,900.333333,2295
102,2016,570,180.0,190.0,540
187,2016,847,769.0,847.0,769
191,2016,2343,773.33,781.0,2320
208,2016,2369,1160.0,1184.5,2320
311,2015,2094,2295.0,2094.0,2295
390,2015,1966,773.33,655.333333,2320
405,2015,566,188.33,188.666667,565
427,2015,2183,773.33,727.666667,2320
15,2016,330,100.0,110.0,300
50,2016,1008,270.0,336.0,810
123,2016,1556,433.33,518.666667,1300
194,2016,850,750.0,850.0,750
218,2016,1553,1200.0,1553.0,1200
381,2015,1368,400.0,456.0,1200
403,2015,267,135.0,133.5,270
409,2015,860,405.0,430.0,810
412,2015,297,90.0,99.0,270
418,2015,645,600.0,645.0,600
268,2016,566,159.0,188.666667,477
55,2016,370,300.0,370.0,300
55,2016,81,70.0,81.0,70
111,2016,1088,848.0,1088.0,848
246,2016,768,315.0,384.0,630
246,2016,110,100.0,110.0,100
283,2016,116,42.5,58.0,85
283,2016,36,29.0,36.0,29
381,2015,28,12.0,14.0,24
381,2015,778,375.0,389.0,750
62,2016,1243,870.0,1243.0,870
62,2016,96,25.0,32.0,75
81,2016,192,53.0,64.0,159
83,2016,314,93.33,104.666667,280
83,2016,38,30.0,38.0,30
99,2016,387,150.5,193.5,301
99,2016,50,22.0,25.0,44
121,2016,111,50.0,55.5,100
121,2016,431,319.0,431.0,319
147,2016,153,38.33,51.0,115
147,2016,1199,980.0,1199.0,980
147,2016,42,32.0,42.0,32
150,2016,611,175.0,203.666667,525
150,2016,74,23.33,24.666667,70
236,2016,61,25.0,30.5,50
236,2016,331,240.0,331.0,240
256,2016,33,28.0,33.0,28
256,2016,279,228.0,279.0,228
285,2016,40,10.0,13.333333,30
285,2016,76,64.0,76.0,64
295,2016,30,25.0,30.0,25
295,2016,531,240.0,265.5,480
295,2016,11,4.5,5.5,9
309,2015,23,6.67,7.666667,20
309,2015,48,22.0,24.0,44
327,2015,78,35.0,39.0,70
327,2015,1008,525.0,504.0,1050
356,2015,118,36.67,39.333333,110
359,2015,12,5.0,6.0,10
400,2015,17,16.0,17.0,16
400,2015,384,159.0,192.0,318
421,2015,150,75.5,75.0,151
316,2015,190,199.0,190.0,199
147,2016,323,239.0,323.0,239
43,2016,473,175.0,236.5,350
85,2016,1054,437.5,527.0,875
93,2016,314,130.5,157.0,261
93,2016,146,130.0,146.0,130
97,2016,1004,805.0,1004.0,805
107,2016,236,85.5,118.0,171
107,2016,158,57.5,79.0,115
147,2016,554,151.67,184.666667,455
155,2016,264,225.0,264.0,225
155,2016,163,62.5,81.5,125
169,2016,72,18.33,24.0,55
169,2016,43,12.0,14.333333,36
234,2016,779,186.67,259.666667,560
243,2016,124,105.0,124.0,105
256,2016,228,175.0,228.0,175
274,2016,161,70.0,80.5,140
257,2015,82,23.33,27.333333,70
257,2015,47,20.0,23.5,40
257,2015,406,192.5,203.0,385
277,2015,12,10.0,12.0,10
298,2015,811,770.0,811.0,770
306,2015,435,420.0,435.0,420
308,2015,134,45.0,44.666667,135
308,2015,60,25.0,30.0,50
323,2015,772,700.0,772.0,700
325,2015,926,268.33,308.666667,805
342,2015,1076,945.0,1076.0,945
345,2015,38,35.0,38.0,35
370,2015,388,350.0,388.0,350
377,2015,130,57.5,65.0,115
377,2015,297,300.0,297.0,300
378,2015,45,45.0,45.0,45
390,2015,66,30.0,33.0,60
390,2015,112,105.0,112.0,105
392,2015,301,140.0,150.5,280
400,2015,11,5.0,5.5,10
400,2015,96,90.0,96.0,90
421,2015,194,56.67,64.666667,170
421,2015,16,15.0,16.0,15
421,2015,139,46.67,46.333333,140
425,2015,674,595.0,674.0,595
439,2015,163,70.0,81.5,140
443,2015,185,54.0,61.666667,162
443,2015,15,7.5,7.5,15
160,2016,246,196.0,246.0,196
366,2015,26,24.0,26.0,24
74,2016,96,87.0,96.0,87
201,2016,1287,1016.0,1287.0,1016
225,2016,72,56.0,72.0,56
241,2016,202,50.33,67.333333,151
281,2016,1329,1143.0,1329.0,1143
346,2015,237,215.0,237.0,215
346,2015,32,32.0,32.0,32
359,2015,1366,1334.0,1366.0,1334
436,2015,628,190.67,209.333333,572
14,2016,50,14.67,16.666667,44
14,2016,20,8.0,10.0,16
17,2016,54,24.0,27.0,48
38,2016,301,240.0,301.0,240
38,2016,175,48.33,58.333333,145
123,2016,110,95.0,110.0,95
192,2016,402,350.0,402.0,350
296,2015,103,44.0,51.5,88
296,2015,883,282.67,294.333333,848
315,2015,16,5.0,5.333333,15
315,2015,843,268.33,281.0,805
347,2015,384,172.0,192.0,344
357,2015,21,10.0,10.5,20
357,2015,22,7.0,7.333333,21
360,2015,99,85.0,99.0,85
360,2015,60,29.0,30.0,58
428,2015,145,67.5,72.5,135
1,2016,271,210.0,271.0,210
7,2016,1285,507.5,642.5,1015
7,2016,310,134.5,155.0,269
24,2016,222,90.0,111.0,180
25,2016,133,33.33,44.333333,100
25,2016,1189,290.0,396.333333,870
25,2016,25,10.5,12.5,21
26,2016,1131,875.0,1131.0,875
26,2016,273,198.0,273.0,198
26,2016,404,116.67,134.666667,350
26,2016,153,61.0,76.5,122
55,2016,140,116.0,140.0,116
55,2016,171,135.0,171.0,135
59,2016,664,506.0,664.0,506
59,2016,73,30.0,36.5,60
60,2016,350,100.0,116.666667,300
60,2016,77,30.0,38.5,60
60,2016,1089,437.5,544.5,875
60,2016,105,32.67,35.0,98
75,2016,212,58.33,70.666667,175
92,2016,552,240.0,276.0,480
108,2016,127,52.5,63.5,105
121,2016,546,210.0,273.0,420
121,2016,75,60.0,75.0,60
121,2016,99,36.0,49.5,72
141,2016,442,365.0,442.0,365
142,2016,19,5.0,6.333333,15
142,2016,919,256.67,306.333333,770
142,2016,657,232.5,328.5,465
166,2016,404,318.0,404.0,318
166,2016,93,70.0,93.0,70
166,2016,757,625.0,757.0,625
166,2016,10,3.0,3.333333,9
171,2016,816,665.0,816.0,665
171,2016,41,15.0,20.5,30
171,2016,1109,910.0,1109.0,910
172,2016,181,140.0,181.0,140
175,2016,1070,437.5,535.0,875
204,2016,808,637.0,808.0,637
205,2016,758,221.67,252.666667,665
268,2016,144,130.0,144.0,130
268,2016,41,37.0,41.0,37
276,2016,374,300.0,374.0,300
276,2016,56,46.0,56.0,46
295,2016,558,161.33,186.0,484
301,2015,119,55.0,59.5,110
301,2015,258,70.0,86.0,210
332,2015,250,81.67,83.333333,245
332,2015,86,37.5,43.0,75
332,2015,210,70.0,70.0,210
344,2015,944,268.33,314.666667,805
345,2015,435,140.0,145.0,420
345,2015,80,37.5,40.0,75
345,2015,177,175.0,177.0,175
354,2015,159,70.0,79.5,140
354,2015,31,15.0,15.5,30
354,2015,279,130.5,139.5,261
369,2015,408,116.67,136.0,350
369,2015,69,60.0,69.0,60
372,2015,730,348.0,365.0,696
372,2015,172,150.0,172.0,150
372,2015,56,16.67,18.666667,50
381,2015,11,3.33,3.666667,10
381,2015,432,420.0,432.0,420
381,2015,1034,980.0,1034.0,980
389,2015,83,75.0,83.0,75
389,2015,1120,315.0,373.333333,945
391,2015,1047,455.0,523.5,910
401,2015,537,227.5,268.5,455
406,2015,260,120.0,130.0,240
406,2015,76,32.0,38.0,64
418,2015,1224,525.0,612.0,1050
432,2015,19,16.0,19.0,16
438,2015,47,41.0,47.0,41
442,2015,91,45.0,45.5,90
264,2016,128,51.5,64.0,103
434,2015,730,605.0,730.0,605
26,2016,238,91.5,119.0,183
295,2016,217,55.67,72.333333,167
359,2015,2177,1160.0,1088.5,2320
425,2015,2113,773.33,704.333333,2320
442,2015,1924,1160.0,962.0,2320
345,2015,1351,416.67,450.333333,1250
379,2015,426,216.0,213.0,432
425,2015,1711,725.0,855.5,1450
297,2015,1895,825.5,947.5,1651
434,2015,377,127.0,125.666667,381
79,2016,62,16.67,20.666667,50
285,2016,280,75.0,93.333333,225
321,2015,132,42.0,44.0,126
430,2015,184,180.0,184.0,180
8,2015,896,1000.0,896.0,1000
398,2015,695,256.33,231.666667,769
428,2015,2017,1147.5,1008.5,2295
416,2015,1409,667.0,704.5,1334
0,2015,938,1000.0,938.0,1000
15,2016,224,100.0,112.0,200
19,2016,196,54.0,65.333333,162
19,2016,100,44.0,50.0,88
352,2015,1547,433.33,515.666667,1300
368,2015,1780,1566.0,1780.0,1566
3,2016,1109,268.33,369.666667,805
3,2016,940,770.0,940.0,770
3,2016,13,10.0,13.0,10
7,2016,129,32.67,43.0,98
24,2016,171,70.0,85.5,140
40,2016,602,270.0,301.0,540
86,2016,237,58.33,79.0,175
86,2016,29,12.5,14.5,25
108,2016,737,280.0,368.5,560
108,2016,683,180.0,227.666667,540
108,2016,50,13.33,16.666667,40
138,2016,610,450.0,610.0,450
138,2016,20,16.0,20.0,16
141,2016,764,345.0,382.0,690
141,2016,85,23.0,28.333333,69
160,2016,183,48.33,61.0,145
160,2016,115,30.0,38.333333,90
189,2016,634,560.0,634.0,560
189,2016,37,33.0,37.0,33
226,2016,714,191.67,238.0,575
226,2016,71,28.5,35.5,57
226,2016,61,50.0,61.0,50
239,2016,379,145.0,189.5,290
239,2016,52,22.0,26.0,44
239,2016,27,6.67,9.0,20
266,2016,482,350.0,482.0,350
266,2016,335,83.33,111.666667,250
266,2016,124,45.0,62.0,90
325,2015,1127,1015.0,1127.0,1015
351,2015,1112,1015.0,1112.0,1015
391,2015,167,145.0,167.0,145
391,2015,61,27.5,30.5,55
409,2015,516,480.0,516.0,480
409,2015,29,30.0,29.0,30
409,2015,103,31.67,34.333333,95
409,2015,142,140.0,142.0,140
424,2015,1177,980.0,1177.0,980
184,2016,79,66.0,79.0,66
160,2016,185,144.0,185.0,144
218,2016,50,18.0,25.0,36
444,2015,289,270.0,289.0,270
304,2015,470,445.0,470.0,445
10,2016,220,58.33,73.333333,175
10,2016,51,13.0,17.0,39
153,2016,58,53.0,58.0,53
203,2016,125,47.5,62.5,95
236,2016,120,33.33,40.0,100
236,2016,11,4.5,5.5,9
241,2016,521,130.0,173.666667,390
362,2015,55,50.0,55.0,50
362,2015,31,30.0,31.0,30
301,2015,719,220.0,239.666667,660
301,2015,261,223.0,261.0,223
33,2016,366,105.0,122.0,315
90,2016,251,200.0,251.0,200
102,2016,78,20.0,26.0,60
123,2016,184,75.0,92.0,150
177,2016,322,140.0,161.0,280
303,2015,34,10.0,11.333333,30
303,2015,1012,980.0,1012.0,980
331,2015,526,550.0,526.0,550
357,2015,1016,315.0,338.666667,945
357,2015,107,100.0,107.0,100
357,2015,23,11.5,11.5,23
412,2015,335,105.0,111.666667,315
428,2015,446,400.0,446.0,400
428,2015,60,53.0,60.0,53
195,2016,124,90.0,124.0,90
195,2016,94,70.0,94.0,70
195,2016,133,59.5,66.5,119
198,2016,1614,575.0,807.0,1150
207,2016,66,16.67,22.0,50
343,2015,1254,1250.0,1254.0,1250
34,2016,851,700.0,851.0,700
34,2016,197,75.0,98.5,150
50,2016,913,322.5,456.5,645
76,2016,25,10.0,12.5,20
76,2016,52,13.67,17.333333,41
84,2016,45,20.0,22.5,40
99,2016,1101,800.0,1101.0,800
105,2016,864,325.0,432.0,650
151,2016,799,324.0,399.5,648
194,2016,287,81.67,95.666667,245
233,2016,1378,383.33,459.333333,1150
237,2016,642,150.0,214.0,450
272,2016,258,66.67,86.0,200
276,2016,86,23.33,28.666667,70
276,2016,858,665.0,858.0,665
315,2015,53,18.33,17.666667,55
315,2015,178,175.0,178.0,175
322,2015,1033,945.0,1033.0,945
322,2015,38,18.5,19.0,37
325,2015,31,13.5,15.5,27
327,2015,1020,455.0,510.0,910
331,2015,129,57.5,64.5,115
331,2015,338,350.0,338.0,350
364,2015,110,110.0,110.0,110
364,2015,33,32.0,33.0,32
378,2015,78,37.5,39.0,75
378,2015,40,11.33,13.333333,34
379,2015,1567,483.33,522.333333,1450
380,2015,1028,300.0,342.666667,900
415,2015,982,900.0,982.0,900
421,2015,410,133.33,136.666667,400
7,2016,1519,1350.0,1519.0,1350
137,2016,864,700.0,864.0,700
289,2016,116,50.0,58.0,100
322,2015,1344,1300.0,1344.0,1300
351,2015,1147,1200.0,1147.0,1200
20,2016,101,26.67,33.666667,80
105,2016,20,15.0,20.0,15
130,2016,1666,850.5,833.0,1701
151,2016,2554,814.33,851.333333,2443
155,2016,152,43.33,50.666667,130
210,2016,1649,850.5,824.5,1701
210,2016,195,75.0,97.5,150
210,2016,335,261.0,335.0,261
223,2016,30,12.0,15.0,24
80,2015,932,1000.0,932.0,1000
98,2015,840,333.33,280.0,1000
103,2015,851,333.33,283.666667,1000
315,2015,2177,1160.0,1088.5,2320
325,2015,1967,765.0,655.666667,2295
337,2015,1865,1147.5,932.5,2295
337,2015,58,50.0,58.0,50
337,2015,20,10.0,10.0,20
337,2015,1842,770.0,921.0,1540
337,2015,73,72.0,73.0,72
364,2015,171,167.0,171.0,167
376,2015,237,240.0,237.0,240
376,2015,701,330.0,350.5,660
377,2015,2408,765.0,802.666667,2295
377,2015,11,10.0,11.0,10
377,2015,1235,1210.0,1235.0,1210
378,2015,969,1120.0,969.0,1120
415,2015,722,384.5,361.0,769
416,2015,687,384.5,343.5,769
416,2015,54,25.0,27.0,50
416,2015,81,80.0,81.0,80
421,2015,170,145.0,170.0,145
427,2015,2028,2295.0,2028.0,2295
427,2015,82,70.0,82.0,70
427,2015,18,5.0,6.0,15
34,2016,1041,770.0,1041.0,770
50,2016,267,81.0,89.0,243
84,2016,448,350.0,448.0,350
105,2016,33,9.0,11.0,27
130,2016,288,122.5,144.0,245
151,2016,321,93.33,107.0,280
151,2016,211,81.0,105.5,162
210,2016,232,175.0,232.0,175
315,2015,244,70.0,81.333333,210
331,2015,290,93.33,96.666667,280
379,2015,207,108.0,103.5,216
380,2015,73,72.0,73.0,72
415,2015,730,315.0,365.0,630
421,2015,669,210.0,223.0,630
436,2015,673,297.5,336.5,595
6,2016,2674,1160.0,1337.0,2320
6,2016,437,396.0,437.0,396
164,2016,756,256.33,252.0,769
4,2016,2350,2295.0,2350.0,2295
157,2016,848,769.0,848.0,769
169,2016,2446,765.0,815.333333,2295
171,2016,2805,773.33,935.0,2320
173,2016,2595,2320.0,2595.0,2320
190,2016,2601,2320.0,2601.0,2320
335,2015,487,540.0,487.0,540
406,2015,1673,567.0,557.666667,1701
26,2016,2482,773.33,827.333333,2320
72,2016,94,23.33,31.333333,70
72,2016,220,87.5,110.0,175
72,2016,978,385.0,489.0,770
72,2016,89,24.33,29.666667,73
207,2016,874,750.0,874.0,750
207,2016,64,17.33,21.333333,52
236,2016,120,104.0,120.0,104
236,2016,1113,304.33,371.0,913
236,2016,1141,875.0,1141.0,875
331,2015,102,84.0,102.0,84
331,2015,1140,326.0,380.0,978
354,2015,270,83.33,90.0,250
354,2015,17,16.0,17.0,16
354,2015,637,595.0,637.0,595
419,2015,163,135.0,163.0,135
419,2015,726,337.5,363.0,675
419,2015,437,225.5,218.5,451
419,2015,44,39.0,44.0,39
436,2015,11,3.0,3.666667,9
131,2016,443,350.0,443.0,350
138,2016,1089,900.0,1089.0,900
370,2015,1587,1500.0,1587.0,1500
37,2016,56,16.0,18.666667,48
37,2016,78,21.33,26.0,64
136,2016,747,602.0,747.0,602
199,2016,94,26.67,31.333333,80
237,2016,45,18.0,22.5,36
291,2016,1464,1015.0,1464.0,1015
291,2016,20,15.0,20.0,15
303,2015,87,81.0,87.0,81
326,2015,9,4.0,4.5,8
158,2016,91,24.33,30.333333,73
12,2016,220,58.33,73.333333,175
19,2016,350,88.0,116.666667,264
155,2016,95,29.33,31.666667,88
177,2016,592,484.0,592.0,484
106,2016,867,240.0,289.0,720
158,2016,2634,1020.0,1317.0,2040
436,2015,1468,675.0,734.0,1350
45,2016,136,60.0,68.0,120
36,2016,713,571.0,713.0,571
36,2016,206,180.0,206.0,180
127,2016,113,29.33,37.666667,88
169,2016,493,374.0,493.0,374
169,2016,790,659.0,790.0,659
370,2015,289,87.0,96.333333,261
55,2016,4923,1800.0,2461.5,3600
178,2016,768,200.0,256.0,600
9,2016,2954,2443.0,2954.0,2443
37,2016,2643,1147.5,1321.5,2295
56,2016,2344,1147.5,1172.0,2295
59,2016,2189,765.0,729.666667,2295
86,2016,2319,1147.5,1159.5,2295
108,2016,2089,765.0,696.333333,2295
134,2016,2381,2295.0,2381.0,2295
177,2016,1211,560.0,605.5,1120
186,2016,760,384.5,380.0,769
120,2015,922,1000.0,922.0,1000
161,2015,714,391.5,357.0,783
181,2015,773,391.5,386.5,783
350,2015,484,188.33,161.333333,565
431,2015,700,769.0,700.0,769
37,2016,2316,773.33,772.0,2320
37,2016,258,63.67,86.0,191
32,2016,640,565.0,640.0,565
32,2016,1271,1050.0,1271.0,1050
32,2016,2502,2384.0,2502.0,2384
32,2016,226,60.0,75.333333,180
32,2016,56,25.0,28.0,50
32,2016,147,67.5,73.5,135
32,2016,459,175.0,229.5,350
56,2016,2690,2295.0,2690.0,2295
56,2016,222,60.0,74.0,180
81,2016,208,75.0,104.0,150
96,2016,2354,1192.0,1177.0,2384
96,2016,270,243.0,270.0,243
96,2016,1133,472.5,566.5,945
100,2016,2530,1147.5,1265.0,2295
100,2016,342,93.33,114.0,280
100,2016,39,30.0,39.0,30
100,2016,632,490.0,632.0,490
102,2016,96,75.0,96.0,75
102,2016,149,120.0,149.0,120
102,2016,415,157.5,207.5,315
113,2016,2449,1147.5,1224.5,2295
113,2016,25,10.0,12.5,20
113,2016,568,420.0,568.0,420
113,2016,782,615.0,782.0,615
150,2016,758,256.33,252.666667,769
150,2016,459,352.0,459.0,352
177,2016,906,247.33,302.0,742
177,2016,843,297.5,421.5,595
185,2016,2457,794.67,819.0,2384
185,2016,46,35.0,46.0,35
186,2016,598,270.0,299.0,540
186,2016,440,172.0,220.0,344
186,2016,25,20.0,25.0,20
186,2016,1311,1015.0,1311.0,1015
186,2016,165,63.0,82.5,126
186,2016,1008,400.0,504.0,800
189,2016,2602,1192.0,1301.0,2384
189,2016,694,595.0,694.0,595
194,2016,577,180.0,192.333333,540
194,2016,108,30.0,36.0,90
194,2016,530,450.0,530.0,450
194,2016,1260,1050.0,1260.0,1050
196,2016,2685,814.33,895.0,2443
207,2016,43,11.67,14.333333,35
207,2016,621,490.0,621.0,490
223,2016,1693,1701.0,1693.0,1701
223,2016,94,35.0,47.0,70
233,2016,2971,2443.0,2971.0,2443
233,2016,283,70.0,94.333333,210
233,2016,2601,814.33,867.0,2443
244,2016,748,200.0,249.333333,600
244,2016,63,53.0,63.0,53
44,2015,2372,1221.5,1186.0,2443
159,2015,1732,1024.5,866.0,2049
163,2015,2108,2182.0,2108.0,2182
188,2015,2009,1091.0,1004.5,2182
224,2015,2103,1024.5,1051.5,2049
308,2015,2160,1160.0,1080.0,2320
308,2015,72,23.33,24.0,70
323,2015,1566,850.5,783.0,1701
323,2015,314,150.0,157.0,300
325,2015,2315,765.0,771.666667,2295
325,2015,612,525.0,612.0,525
325,2015,627,650.0,627.0,650
334,2015,67,29.0,33.5,58
334,2015,92,26.67,30.666667,80
334,2015,72,31.0,36.0,62
336,2015,111,100.0,111.0,100
344,2015,533,180.0,177.666667,540
384,2015,2113,773.33,704.333333,2320
384,2015,75,21.33,25.0,64
392,2015,2455,1192.0,1227.5,2384
392,2015,1002,870.0,1002.0,870
392,2015,164,70.0,82.0,140
409,2015,2296,2384.0,2296.0,2384
411,2015,2123,1160.0,1061.5,2320
411,2015,63,30.0,31.5,60
411,2015,5,1.67,1.666667,5
411,2015,298,81.67,99.333333,245
127,2016,3126,794.67,1042.0,2384
247,2015,2724,794.67,908.0,2384
273,2015,2179,2443.0,2179.0,2443
273,2015,170,119.0,170.0,119
334,2015,2374,765.0,791.333333,2295
182,2016,3197,794.67,1065.666667,2384
236,2016,2928,1192.0,1464.0,2384
236,2016,53,36.0,53.0,36
236,2016,16,3.33,5.333333,10
336,2015,70,50.0,70.0,50
336,2015,68,16.67,22.666667,50
366,2015,157,110.0,157.0,110
366,2015,15,5.0,7.5,10
26,2016,94,84.0,94.0,84
26,2016,622,247.0,311.0,494
60,2016,69,18.67,23.0,56
60,2016,811,311.5,405.5,623
60,2016,57,44.0,57.0,44
90,2016,143,40.0,47.666667,120
90,2016,50,39.0,50.0,39
223,2016,122,35.0,40.666667,105
223,2016,688,510.0,688.0,510
291,2016,19,15.0,19.0,15
291,2016,288,225.0,288.0,225
271,2015,1145,980.0,1145.0,980
284,2015,1058,910.0,1058.0,910
294,2015,37,32.0,37.0,32
294,2015,632,277.0,316.0,554
294,2015,47,39.0,47.0,39
299,2015,13,11.0,13.0,11
306,2015,913,270.0,304.333333,810
327,2015,211,108.0,105.5,216
349,2015,533,246.5,266.5,493
349,2015,40,11.67,13.333333,35
364,2015,969,432.0,484.5,864
364,2015,1328,621.0,664.0,1242
378,2015,128,108.0,128.0,108
392,2015,162,150.0,162.0,150
395,2015,622,175.0,207.333333,525
402,2015,41,11.67,13.666667,35
402,2015,27,12.5,13.5,25
408,2015,4,2.0,2.0,4
408,2015,69,62.0,69.0,62
409,2015,440,133.33,146.666667,400
433,2015,728,193.33,242.666667,580
433,2015,7,7.0,7.0,7
48,2016,3217,794.67,1072.333333,2384
89,2016,3071,2320.0,3071.0,2320
89,2016,654,144.0,218.0,432
193,2016,2771,794.67,923.666667,2384
193,2016,193,117.0,193.0,117
193,2016,535,175.0,267.5,350
204,2016,2005,567.0,668.333333,1701
204,2016,107,72.0,107.0,72
204,2016,871,648.0,871.0,648
347,2015,2376,773.33,792.0,2320
14,2016,2606,1160.0,1303.0,2320
14,2016,453,140.0,226.5,280
14,2016,115,26.67,38.333333,80
14,2016,881,595.0,881.0,595
164,2016,2859,1192.0,1429.5,2384
164,2016,1092,367.5,546.0,735
236,2016,2393,850.5,1196.5,1701
236,2016,224,48.0,74.666667,144
337,2015,2726,2320.0,2726.0,2320
337,2015,233,60.0,77.666667,180
337,2015,35,25.0,35.0,25
386,2015,2794,794.67,931.333333,2384
386,2015,137,36.0,45.666667,108
96,2016,3007,1192.0,1503.5,2384
178,2016,3245,2384.0,3245.0,2384
178,2016,60,13.33,20.0,40
178,2016,317,66.0,105.666667,198
229,2016,3404,814.33,1134.666667,2443
245,2015,1289,560.0,644.5,1120
245,2015,83,31.5,41.5,63
245,2015,67,54.0,67.0,54
288,2015,2756,773.33,918.666667,2320
288,2015,214,56.67,71.333333,170
330,2015,2677,1160.0,1338.5,2320
330,2015,230,90.0,115.0,180
330,2015,180,43.33,60.0,130
407,2015,2592,2320.0,2592.0,2320
131,2016,2553,1192.0,1276.5,2384
131,2016,300,122.5,150.0,245
131,2016,1041,300.0,347.0,900
292,2015,1881,814.33,627.0,2443
298,2015,2381,1192.0,1190.5,2384
298,2015,402,232.0,201.0,464
298,2015,40,35.0,40.0,35
298,2015,65,26.5,32.5,53
383,2015,2486,1160.0,1243.0,2320
383,2015,30,17.5,15.0,35
138,2016,2622,794.67,874.0,2384
138,2016,139,67.5,69.5,135
138,2016,131,140.0,131.0,140
242,2015,1801,2443.0,1801.0,2443
242,2015,69,28.0,23.0,84
242,2015,1049,239.0,349.666667,717
242,2015,92,70.0,92.0,70
311,2015,2914,794.67,971.333333,2384
311,2015,430,203.0,215.0,406
311,2015,36,30.0,36.0,30
311,2015,1126,256.67,375.333333,770
311,2015,251,105.0,125.5,210
371,2015,1876,1147.5,938.0,2295
7,2016,69,54.0,69.0,54
344,2015,324,105.0,108.0,315
344,2015,144,62.5,72.0,125
344,2015,70,66.0,70.0,66
396,2015,1123,350.0,374.333333,1050
76,2016,180,48.33,60.0,145
76,2016,723,186.67,241.0,560
76,2016,109,44.0,54.5,88
76,2016,849,325.0,424.5,650
77,2016,280,107.5,140.0,215
4,2016,173,71.5,86.5,143
229,2016,639,247.5,319.5,495
335,2015,43,45.0,43.0,45
26,2016,2522,765.0,840.666667,2295
86,2016,599,270.0,299.5,540
18,2015,1868,2049.0,1868.0,2049
344,2015,2302,2295.0,2302.0,2295
394,2015,2165,765.0,721.666667,2295
10,2016,284,196.0,284.0,196
30,2016,61,16.33,20.333333,49
52,2016,59,24.5,29.5,49
164,2016,660,294.0,330.0,588
171,2016,87,36.0,43.5,72
171,2016,3887,3120.0,3887.0,3120
219,2016,144,40.67,48.0,122
239,2016,67,16.33,22.333333,49
374,2015,33,32.0,33.0,32
244,2016,10,8.0,10.0,8
262,2016,31,12.0,15.5,24
1,2016,49,13.33,16.333333,40
48,2016,272,207.0,272.0,207
83,2016,48,13.33,16.0,40
179,2016,305,119.5,152.5,239
150,2016,687,550.0,687.0,550
157,2016,777,212.33,259.0,637
179,2016,172,66.0,86.0,132
266,2016,506,187.0,253.0,374
55,2016,240,203.0,240.0,203
55,2016,145,55.0,72.5,110
55,2016,46,13.0,15.333333,39
175,2016,121,33.33,40.333333,100
175,2016,643,183.33,214.333333,550
189,2016,13,3.33,4.333333,10
189,2016,982,754.0,982.0,754
196,2016,236,99.5,118.0,199
395,2015,911,367.5,455.5,735
419,2015,26,8.33,8.666667,25
419,2015,184,75.0,92.0,150
419,2015,40,37.0,40.0,37
192,2016,91,21.33,30.333333,64
334,2015,1609,530.0,536.333333,1590
219,2016,1344,1155.0,1344.0,1155
338,2015,1143,522.5,571.5,1045
71,2016,121,51.5,60.5,103
324,2015,65,64.0,65.0,64
186,2016,166,40.0,55.333333,120
12,2016,2262,1160.0,1131.0,2320
6,2016,2202,2295.0,2202.0,2295
6,2016,240,66.0,80.0,198
6,2016,806,665.0,806.0,665
289,2016,541,151.67,180.333333,455
337,2015,1885,592.67,628.333333,1778
198,2016,242,95.5,121.0,191
236,2016,216,58.33,72.0,175
371,2015,65,28.0,32.5,56
397,2015,33,16.0,16.5,32
78,2016,892,238.33,297.333333,715
157,2016,832,330.0,416.0,660
338,2015,748,715.0,748.0,715
342,2015,1020,348.33,340.0,1045
379,2015,823,770.0,823.0,770
372,2015,577,254.0,288.5,508
9,2016,520,208.0,260.0,416
35,2016,410,343.0,410.0,343
394,2015,260,111.5,130.0,223
407,2015,184,55.67,61.333333,167
71,2016,2378,765.0,792.666667,2295
334,2015,1824,1160.0,912.0,2320
388,2015,453,540.0,453.0,540
411,2015,1884,773.33,628.0,2320
418,2015,2159,2295.0,2159.0,2295
19,2016,1106,282.67,368.666667,848
19,2016,47,13.33,15.666667,40
19,2016,6,2.5,3.0,5
53,2016,155,127.0,155.0,127
75,2016,653,262.5,326.5,525
75,2016,149,40.0,49.666667,120
185,2016,42,18.0,21.0,36
185,2016,38,33.0,38.0,33
244,2016,1028,303.33,342.666667,910
244,2016,32,25.0,32.0,25
244,2016,743,525.0,743.0,525
244,2016,145,125.0,145.0,125
403,2015,389,344.0,389.0,344
411,2015,126,115.0,126.0,115
415,2015,313,150.0,156.5,300
415,2015,109,30.0,36.333333,90
426,2015,6,2.5,3.0,5
426,2015,836,735.0,836.0,735
426,2015,61,28.5,30.5,57
426,2015,131,119.0,131.0,119
296,2015,199,60.0,66.333333,180
296,2015,136,41.67,45.333333,125
296,2015,53,27.0,26.5,54
19,2016,569,180.0,189.666667,540
149,2016,2508,773.33,836.0,2320
151,2016,2375,1160.0,1187.5,2320
233,2016,189,70.0,94.5,140
333,2015,2179,2320.0,2179.0,2320
333,2015,261,70.0,87.0,210
393,2015,2458,1221.5,1229.0,2443
40,2016,537,180.0,179.0,540
62,2016,570,270.0,285.0,540
193,2016,2403,1147.5,1201.5,2295
367,2015,2132,2295.0,2132.0,2295
131,2016,1310,1200.0,1310.0,1200
372,2015,313,90.0,104.333333,270
372,2015,925,950.0,925.0,950
443,2015,894,850.0,894.0,850
205,2016,1207,560.0,603.5,1120
174,2016,2626,1192.0,1313.0,2384
364,2015,1940,1160.0,970.0,2320
22,2016,2304,1147.5,1152.0,2295
22,2016,560,128.33,186.666667,385
434,2015,960,769.0,960.0,769
10,2016,1718,2320.0,1718.0,2320
357,2015,7,2.5,3.5,5
357,2015,368,135.0,184.0,270
357,2015,639,227.5,319.5,455
225,2016,2635,2384.0,2635.0,2384
365,2015,862,770.0,862.0,770
10,2016,3098,2295.0,3098.0,2295
380,2015,2506,773.33,835.333333,2320
380,2015,265,216.0,265.0,216
35,2016,2033,773.33,677.666667,2320
35,2016,154,130.0,154.0,130
35,2016,220,45.0,73.333333,135
35,2016,2312,540.0,770.666667,1620
37,2016,2395,2295.0,2395.0,2295
37,2016,410,102.67,136.666667,308
37,2016,91,55.0,91.0,55
27,2016,2092,773.33,697.333333,2320
27,2016,89,70.0,89.0,70
27,2016,177,175.0,177.0,175
179,2016,1218,326.67,406.0,980
179,2016,1202,475.0,601.0,950
334,2015,1025,360.0,341.666667,1080
20,2016,433,261.0,433.0,261
20,2016,48,30.0,48.0,30
399,2015,285,70.0,95.0,210
399,2015,203,145.0,203.0,145
387,2015,294,73.33,98.0,220
387,2015,219,76.5,109.5,153
387,2015,102,25.0,34.0,75
90,2016,3005,2295.0,3005.0,2295
90,2016,485,350.0,485.0,350
405,2015,2401,765.0,800.333333,2295
405,2015,97,70.0,97.0,70
409,2015,2736,2320.0,2736.0,2320
416,2015,670,188.33,223.333333,565
242,2015,2610,1160.0,1305.0,2320
429,2015,2524,1147.5,1262.0,2295
429,2015,239,58.33,79.666667,175
22,2016,3070,2320.0,3070.0,2320
22,2016,79,16.67,26.333333,50
22,2016,462,150.0,231.0,300
84,2016,804,188.33,268.0,565
127,2016,3263,2320.0,3263.0,2320
229,2016,2988,765.0,996.0,2295
341,2015,168,42.0,56.0,126
341,2015,107,80.0,107.0,80
425,2015,2716,1147.5,1358.0,2295
425,2015,153,60.0,76.5,120
381,2015,503,455.0,503.0,455
19,2016,682,151.67,227.333333,455
173,2016,152,105.0,152.0,105
417,2015,2835,2320.0,2835.0,2320
417,2015,710,186.67,236.666667,560
417,2015,1057,805.0,1057.0,805
417,2015,303,81.0,101.0,243
14,2016,387,93.33,129.0,280
97,2016,52,35.0,52.0,35
37,2016,1851,2295.0,1851.0,2295
37,2016,1580,1150.0,1580.0,1150
27,2016,3135,1147.5,1567.5,2295
27,2016,101,26.67,33.666667,80
62,2016,1752,773.33,584.0,2320
62,2016,391,385.0,391.0,385
192,2016,528,282.5,264.0,565
57,2015,2450,727.33,816.666667,2182
205,2016,734,150.0,244.666667,450
380,2015,178,150.0,178.0,150
427,2015,752,183.33,250.666667,550
117,2016,365,250.0,365.0,250
311,2015,1429,636.0,714.5,1272
33,2016,793,769.0,793.0,769
33,2016,458,150.0,229.0,300
33,2016,42,35.0,42.0,35
33,2016,964,326.67,321.333333,980
69,2016,3042,2320.0,3042.0,2320
69,2016,1344,338.33,448.0,1015
69,2016,116,110.0,116.0,110
69,2016,798,198.33,266.0,595
285,2016,565,215.0,188.333333,645
285,2016,12,7.0,12.0,7
435,2015,12,15.0,12.0,15
435,2015,1284,338.33,428.0,1015
119,2016,1637,400.0,545.666667,1200
180,2016,597,162.0,199.0,486
273,2015,777,252.0,259.0,756
332,2015,55,25.0,27.5,50
356,2015,578,183.33,192.666667,550
368,2015,1814,783.0,907.0,1566
49,2016,333,72.0,111.0,216
68,2016,865,186.67,288.333333,560
425,2015,2694,2295.0,2694.0,2295
425,2015,1285,326.67,428.333333,980
62,2016,2205,765.0,735.0,2295
372,2015,1604,1250.0,1604.0,1250
248,2016,1172,338.33,390.666667,1015
248,2016,161,63.0,80.5,126
442,2015,810,221.67,270.0,665
442,2015,228,76.5,114.0,153
15,2016,34,11.0,17.0,22
15,2016,497,106.0,165.666667,318
16,2016,13,10.0,13.0,10
16,2016,170,47.67,56.666667,143
48,2016,137,36.67,45.666667,110
62,2016,536,282.5,268.0,565
65,2016,186,75.0,93.0,150
69,2016,800,742.0,800.0,742
76,2016,925,648.0,925.0,648
102,2016,1755,1250.0,1755.0,1250
108,2016,1322,405.0,440.666667,1215
108,2016,156,40.0,52.0,120
108,2016,167,39.0,55.666667,117
119,2016,2510,2295.0,2510.0,2295
158,2016,510,166.67,170.0,500
203,2016,822,742.0,822.0,742
203,2016,122,33.0,40.666667,99
203,2016,108,40.0,54.0,80
204,2016,2603,765.0,867.666667,2295
204,2016,12,10.0,12.0,10
204,2016,80,30.0,40.0,60
214,2016,43,35.0,43.0,35
214,2016,187,162.0,187.0,162
218,2016,826,256.33,275.333333,769
219,2016,837,256.33,279.0,769
219,2016,467,400.0,467.0,400
237,2016,204,162.0,204.0,162
237,2016,28,20.0,28.0,20
237,2016,125,108.0,125.0,108
51,2015,2098,1024.5,1049.0,2049
249,2015,1105,607.5,552.5,1215
249,2015,1328,621.0,664.0,1242
263,2015,2086,1160.0,1043.0,2320
263,2015,141,130.0,141.0,130
263,2015,11,5.0,5.5,10
263,2015,253,111.5,126.5,223
294,2015,747,247.33,249.0,742
294,2015,200,60.0,66.666667,180
298,2015,660,247.33,220.0,742
364,2015,2067,1147.5,1033.5,2295
381,2015,1284,1215.0,1284.0,1215
381,2015,1342,567.0,671.0,1134
402,2015,2109,773.33,703.0,2320
402,2015,11,5.0,5.5,10
402,2015,146,67.5,73.0,135
402,2015,239,69.0,79.666667,207
415,2015,281,87.0,93.666667,261
415,2015,141,120.0,141.0,120
431,2015,2273,2320.0,2273.0,2320
433,2015,2192,2384.0,2192.0,2384
438,2015,734,769.0,734.0,769
441,2015,2015,1192.0,1007.5,2384
441,2015,98,45.0,49.0,90
441,2015,132,115.0,132.0,115
42,2016,414,300.0,414.0,300
189,2016,2099,522.0,699.666667,1566
38,2016,2302,1512.0,2302.0,1512
23,2016,2936,1147.5,1468.0,2295
38,2016,3040,2295.0,3040.0,2295
2,2015,2593,2071.0,2593.0,2071
21,2015,2262,1035.5,1131.0,2071
58,2016,3261,2320.0,3261.0,2320
58,2016,224,143.0,112.0,286
58,2016,422,90.0,140.666667,270
429,2015,879,384.5,439.5,769
439,2015,371,108.0,123.666667,324
58,2016,2625,1147.5,1312.5,2295
58,2016,47,10.0,15.666667,30
58,2016,145,28.33,48.333333,85
58,2016,657,315.0,328.5,630
359,2015,47,20.0,23.5,40
20,2016,2798,794.67,932.666667,2384
115,2016,1198,405.0,399.333333,1215
166,2016,1339,405.0,446.333333,1215
275,2015,2424,1192.0,1212.0,2384
338,2015,640,247.33,213.333333,742
26,2016,128,33.0,42.666667,99
158,2016,75,63.0,75.0,63
225,2016,98,90.0,98.0,90
245,2015,92,45.0,46.0,90
267,2015,148,126.0,148.0,126
297,2015,194,207.0,194.0,207
337,2015,39,18.0,19.5,36
6,2016,458,176.0,229.0,352
9,2016,590,506.0,590.0,506
66,2016,477,117.33,159.0,352
71,2016,390,286.0,390.0,286
65,2016,1644,1250.0,1644.0,1250
