Date,Year,Revenue,Unit Cost,Unit Price,Cost,Cluster
148,2016,492,385.0,492.0,385,0
131,2016,443,350.0,443.0,350,0
42,2016,414,300.0,414.0,300,0
276,2016,374,300.0,374.0,300,0
236,2016,570,418.0,570.0,418,0
375,2015,558,522.0,558.0,522,0
192,2016,615,528.0,615.0,528,0
147,2016,499,420.0,499.0,420,0
223,2016,460,406.0,460.0,406,0
148,2016,550,406.0,550.0,406,0
381,2015,432,420.0,432.0,420,0
280,2015,368,540.0,368.0,540,0
219,2016,382,315.0,382.0,315,0
49,2016,483,392.0,483.0,392,0
420,2015,497,420.0,497.0,420,0
30,2016,498,400.0,498.0,400,0
162,2016,437,377.0,437.0,377,0
177,2016,592,484.0,592.0,484,0
63,2016,520,378.0,520.0,378,0
169,2016,493,374.0,493.0,374,0
99,2016,527,540.0,527.0,540,0
408,2015,563,540.0,563.0,540,0
249,2015,491,489.0,491.0,489,0
325,2015,612,525.0,612.0,525,0
49,2016,414,352.0,414.0,352,0
34,2016,498,385.0,498.0,385,0
166,2016,404,318.0,404.0,318,0
440,2015,561,540.0,561.0,540,0
141,2016,442,365.0,442.0,365,0
388,2015,453,540.0,453.0,540,0
6,2016,437,396.0,437.0,396,0
322,2015,517,420.0,517.0,420,0
121,2016,431,319.0,431.0,319,0
306,2015,435,420.0,435.0,420,0
279,2016,394,330.0,394.0,330,0
370,2015,388,350.0,388.0,350,0
84,2016,448,350.0,448.0,350,0
243,2016,514,430.0,514.0,430,0
35,2016,410,343.0,410.0,343,0
166,2016,415,350.0,415.0,350,0
335,2015,487,540.0,487.0,540,0
162,2016,594,540.0,594.0,540,0
426,2015,552,420.0,552.0,420,0
168,2016,546,420.0,546.0,420,0
402,2015,398,406.0,398.0,406,0
35,2016,506,540.0,506.0,540,0
402,2015,493,480.0,493.0,480,0
192,2016,402,350.0,402.0,350,0
304,2015,475,420.0,475.0,420,0
71,2016,546,450.0,546.0,450,0
403,2015,389,344.0,389.0,344,0
390,2015,444,540.0,444.0,540,0
275,2015,400,400.0,400.0,400,0
187,2016,549,540.0,549.0,540,0
71,2016,390,286.0,390.0,286,0
150,2016,378,348.0,378.0,348,0
219,2016,467,400.0,467.0,400,0
371,2015,418,319.0,418.0,319,0
79,2016,587,490.0,587.0,490,0
198,2016,382,350.0,382.0,350,0
9,2016,590,506.0,590.0,506,0
409,2015,516,480.0,516.0,480,0
413,2015,476,385.0,476.0,385,0
304,2015,470,445.0,470.0,445,0
100,2016,632,490.0,632.0,490,0
387,2015,505,455.0,505.0,455,0
20,2016,433,261.0,433.0,261,0
207,2016,498,385.0,498.0,385,0
138,2016,610,450.0,610.0,450,0
232,2016,405,315.0,405.0,315,0
73,2016,412,324.0,412.0,324,0
113,2016,568,420.0,568.0,420,0
90,2016,485,350.0,485.0,350,0
150,2016,459,352.0,459.0,352,0
381,2015,503,455.0,503.0,455,0
302,2015,543,500.0,543.0,500,0
428,2015,446,400.0,446.0,400,0
207,2016,621,490.0,621.0,490,0
331,2015,526,550.0,526.0,550,0
271,2015,359,315.0,359.0,315,0
266,2016,482,350.0,482.0,350,0
150,2016,525,441.0,525.0,441,0
328,2015,471,425.0,471.0,425,0
62,2016,391,385.0,391.0,385,0
313,2015,334,486.0,334.0,486,0
364,2015,465,540.0,465.0,540,0
364,2015,456,420.0,456.0,420,0
194,2016,530,450.0,530.0,450,0
125,2016,416,350.0,416.0,350,0
92,2016,358,315.0,358.0,315,0
275,2015,2349,765.0,783.0,2295,1
325,2015,2315,765.0,771.666667,2295,1
71,2016,2378,765.0,792.666667,2295,1
377,2015,2408,765.0,802.666667,2295,1
193,2016,2771,794.67,923.666667,2384,1
319,2015,2486,765.0,828.666667,2295,1
185,2016,2457,794.67,819.0,2384,1
60,2016,2687,814.33,895.666667,2443,1
149,2016,2508,773.33,836.0,2320,1
113,2016,2830,773.33,943.333333,2320,1
196,2016,2479,765.0,826.333333,2295,1
114,2016,2407,765.0,802.333333,2295,1
405,2015,2401,765.0,800.333333,2295,1
26,2016,2701,765.0,900.333333,2295,1
142,2016,2794,794.67,931.333333,2384,1
235,2015,2328,814.33,776.0,2443,1
194,2016,2818,794.67,939.333333,2384,1
57,2015,2450,727.33,816.666667,2182,1
277,2015,2813,765.0,937.666667,2295,1
335,2015,2901,765.0,967.0,2295,1
312,2015,2729,773.33,909.666667,2320,1
26,2016,2482,773.33,827.333333,2320,1
88,2016,2754,794.67,918.0,2384,1
327,2015,2402,765.0,800.666667,2295,1
311,2015,2914,794.67,971.333333,2384,1
347,2015,2376,773.33,792.0,2320,1
191,2016,2343,773.33,781.0,2320,1
204,2016,2949,794.67,983.0,2384,1
363,2015,2301,765.0,767.0,2295,1
229,2016,2988,765.0,996.0,2295,1
381,2015,2454,765.0,818.0,2295,1
339,2015,2606,773.33,868.666667,2320,1
153,2016,2615,773.33,871.666667,2320,1
193,2016,2605,773.33,868.333333,2320,1
171,2016,2805,773.33,935.0,2320,1
113,2016,2838,814.33,946.0,2443,1
221,2016,2522,773.33,840.666667,2320,1
151,2016,2554,814.33,851.333333,2443,1
247,2015,2724,794.67,908.0,2384,1
444,2015,2821,765.0,940.333333,2295,1
204,2016,2603,765.0,867.666667,2295,1
220,2015,2386,690.33,795.333333,2071,1
190,2016,2627,794.67,875.666667,2384,1
169,2016,2446,765.0,815.333333,2295,1
334,2015,2374,765.0,791.333333,2295,1
138,2016,2622,794.67,874.0,2384,1
20,2016,2798,794.67,932.666667,2384,1
37,2016,2316,773.33,772.0,2320,1
154,2015,2599,690.33,866.333333,2071,1
137,2016,2527,794.67,842.333333,2384,1
424,2015,2358,765.0,786.0,2295,1
407,2015,2552,765.0,850.666667,2295,1
151,2016,2504,765.0,834.666667,2295,1
322,2015,2757,765.0,919.0,2295,1
386,2015,2794,794.67,931.333333,2384,1
380,2015,2506,773.33,835.333333,2320,1
364,2015,2272,765.0,757.333333,2295,1
444,2015,2696,765.0,898.666667,2295,1
132,2016,2844,794.67,948.0,2384,1
232,2016,2372,765.0,790.666667,2295,1
245,2015,2726,773.33,908.666667,2320,1
233,2016,2601,814.33,867.0,2443,1
26,2016,2522,765.0,840.666667,2295,1
196,2016,2685,814.33,895.0,2443,1
150,2016,2275,794.67,758.333333,2384,1
288,2015,2756,773.33,918.666667,2320,1
149,2016,2456,765.0,818.666667,2295,1
296,2015,2460,773.33,820.0,2320,1
128,2015,2267,2049.0,2267.0,2049,2
173,2016,2595,2320.0,2595.0,2320,2
259,2015,2548,2320.0,2548.0,2320,2
318,2015,2290,2320.0,2290.0,2320,2
134,2016,2381,2295.0,2381.0,2295,2
225,2016,2635,2384.0,2635.0,2384,2
409,2015,2296,2384.0,2296.0,2384,2
37,2016,2395,2295.0,2395.0,2295,2
32,2016,2502,2384.0,2502.0,2384,2
56,2016,2690,2295.0,2690.0,2295,2
119,2016,2510,2295.0,2510.0,2295,2
300,2015,2257,2295.0,2257.0,2295,2
312,2015,2235,2295.0,2235.0,2295,2
425,2015,2694,2295.0,2694.0,2295,2
191,2016,2681,2295.0,2681.0,2295,2
168,2016,2413,2320.0,2413.0,2320,2
165,2015,2435,2049.0,2435.0,2049,2
211,2015,2205,2443.0,2205.0,2443,2
359,2015,2261,2320.0,2261.0,2320,2
190,2016,2601,2320.0,2601.0,2320,2
409,2015,2736,2320.0,2736.0,2320,2
4,2016,2350,2295.0,2350.0,2295,2
43,2016,2296,2295.0,2296.0,2295,2
133,2016,2308,2320.0,2308.0,2320,2
379,2015,2675,2295.0,2675.0,2295,2
231,2015,2328,2049.0,2328.0,2049,2
211,2015,2377,2071.0,2377.0,2071,2
399,2015,2511,2443.0,2511.0,2443,2
31,2015,2229,2443.0,2229.0,2443,2
30,2016,2425,2384.0,2425.0,2384,2
345,2015,2697,2295.0,2697.0,2295,2
6,2016,2202,2295.0,2202.0,2295,2
218,2016,2446,2384.0,2446.0,2384,2
327,2015,2318,2443.0,2318.0,2443,2
317,2015,2344,2320.0,2344.0,2320,2
299,2015,2376,2295.0,2376.0,2295,2
431,2015,2273,2320.0,2273.0,2320,2
249,2015,2516,2443.0,2516.0,2443,2
337,2015,2726,2320.0,2726.0,2320,2
407,2015,2592,2320.0,2592.0,2320,2
227,2015,2314,2443.0,2314.0,2443,2
223,2016,2432,2384.0,2432.0,2384,2
286,2015,2615,2384.0,2615.0,2384,2
129,2016,2308,2384.0,2308.0,2384,2
434,2015,2660,2320.0,2660.0,2320,2
344,2015,2302,2295.0,2302.0,2295,2
27,2016,2741,2295.0,2741.0,2295,2
80,2015,2499,2443.0,2499.0,2443,2
101,2015,2271,2049.0,2271.0,2049,2
2,2015,2593,2071.0,2593.0,2071,2
62,2016,2415,2384.0,2415.0,2384,2
422,2015,2525,2295.0,2525.0,2295,2
55,2016,46,13.0,15.333333,39,3
175,2016,121,33.33,40.333333,100,3
182,2016,42,12.5,21.0,25,3
95,2016,121,90.0,121.0,90,3
83,2016,48,13.33,16.0,40,3
189,2016,13,3.33,4.333333,10,3
1,2016,49,13.33,16.333333,40,3
109,2016,87,24.33,29.0,73,3
26,2016,94,84.0,94.0,84,3
132,2016,6,5.0,6.0,5,3
204,2016,33,8.33,11.0,25,3
62,2016,174,71.5,87.0,143,3
35,2016,220,45.0,73.333333,135,3
35,2016,154,130.0,154.0,130,3
33,2016,129,42.0,43.0,126,3
179,2016,172,66.0,86.0,132,3
46,2016,129,33.33,43.0,100,3
70,2016,102,25.0,34.0,75,3
72,2016,87,34.0,43.5,68,3
138,2016,139,67.5,69.5,135,3
138,2016,131,140.0,131.0,140,3
91,2016,72,27.5,36.0,55,3
94,2016,35,13.5,17.5,27,3
104,2016,152,129.0,152.0,129,3
43,2016,12,5.0,6.0,10,3
108,2016,55,22.5,27.5,45,3
5,2016,33,9.0,11.0,27,3
76,2016,137,35.0,45.666667,105,3
178,2016,154,41.67,51.333333,125,3
55,2016,145,55.0,72.5,110,3
184,2016,20,5.0,6.666667,15,3
236,2016,146,35.0,48.666667,105,3
14,2016,24,6.0,8.0,18,3
33,2016,102,32.5,51.0,65,3
149,2016,34,13.5,17.0,27,3
123,2016,151,36.67,50.333333,110,3
75,2016,114,24.0,38.0,72,3
76,2016,109,44.0,54.5,88,3
138,2016,79,23.33,26.333333,70,3
172,2016,150,58.0,75.0,116,3
172,2016,28,25.0,28.0,25,3
174,2016,101,90.0,101.0,90,3
17,2016,149,48.0,49.666667,144,3
153,2016,15,16.0,15.0,16,3
219,2016,144,40.67,48.0,122,3
17,2016,90,75.0,90.0,75,3
153,2016,193,75.0,96.5,150,3
147,2016,23,5.0,7.666667,15,3
125,2016,76,31.0,38.0,62,3
4,2016,173,71.5,86.5,143,3
171,2016,87,36.0,43.5,72,3
223,2016,94,35.0,47.0,70,3
90,2016,107,58.0,53.5,116,3
76,2016,136,85.0,136.0,85,3
191,2016,105,85.0,105.0,85,3
207,2016,43,11.67,14.333333,35,3
52,2016,59,24.5,29.5,49,3
30,2016,61,16.33,20.333333,49,3
145,2016,92,24.0,30.666667,72,3
26,2016,120,35.0,40.0,105,3
27,2016,71,36.0,35.5,72,3
141,2016,155,72.0,77.5,144,3
75,2016,138,31.67,46.0,95,3
122,2016,3,1.0,1.5,2,3
42,2016,59,48.0,59.0,48,3
68,2016,134,50.0,67.0,100,3
160,2016,182,48.33,60.666667,145,3
160,2016,121,90.0,121.0,90,3
194,2016,86,23.33,28.666667,70,3
209,2016,52,13.67,17.333333,41,3
50,2016,127,35.0,42.333333,105,3
109,2016,55,22.5,27.5,45,3
109,2016,144,52.5,72.0,105,3
69,2016,68,25.0,34.0,50,3
69,2016,159,43.33,53.0,130,3
29,2016,145,110.0,145.0,110,3
175,2016,6,1.33,2.0,4,3
29,2016,44,17.5,22.0,35,3
203,2016,129,45.0,64.5,90,3
7,2016,69,54.0,69.0,54,3
27,2016,89,70.0,89.0,70,3
76,2016,180,48.33,60.0,145,3
208,2016,146,36.67,48.666667,110,3
151,2016,115,29.0,38.333333,87,3
37,2016,99,26.67,33.0,80,3
205,2016,127,43.0,63.5,86,3
37,2016,26,23.0,26.0,23,3
42,2016,137,110.0,137.0,110,3
20,2016,48,30.0,48.0,30,3
37,2016,91,55.0,91.0,55,3
194,2016,133,100.0,133.0,100,3
192,2016,91,21.33,30.333333,64,3
194,2016,106,85.0,106.0,85,3
172,2016,87,64.0,87.0,64,3
114,2016,130,34.33,43.333333,103,3
115,2016,231,48.33,77.0,145,3
115,2016,39,27.0,39.0,27,3
95,2016,143,38.33,47.666667,115,3
114,2016,29,8.33,9.666667,25,3
185,2016,38,33.0,38.0,33,3
6,2016,79,31.0,39.5,62,3
88,2016,54,35.0,54.0,35,3
123,2016,77,70.0,77.0,70,3
6,2016,84,21.33,28.0,64,3
123,2016,31,13.5,15.5,27,3
184,2016,86,23.0,28.666667,69,3
184,2016,63,18.67,21.0,56,3
201,2016,120,50.0,60.0,100,3
196,2016,146,76.5,73.0,153,3
204,2016,107,72.0,107.0,72,3
9,2016,160,76.5,80.0,153,3
196,2016,112,65.0,112.0,65,3
4,2016,55,45.0,55.0,45,3
204,2016,86,69.0,86.0,69,3
158,2016,86,27.0,43.0,54,3
158,2016,5,1.67,1.666667,5,3
172,2016,36,28.0,36.0,28,3
192,2016,65,53.0,65.0,53,3
185,2016,42,18.0,21.0,36,3
106,2016,20,5.33,6.666667,16,3
50,2016,54,19.5,27.0,39,3
69,2016,104,75.0,104.0,75,3
89,2016,94,87.0,94.0,87,3
19,2016,47,13.33,15.666667,40,3
19,2016,6,2.5,3.0,5,3
91,2016,116,35.0,38.666667,105,3
91,2016,89,23.33,29.666667,70,3
89,2016,67,24.0,22.333333,72,3
89,2016,99,47.5,49.5,95,3
91,2016,46,35.0,46.0,35,3
93,2016,158,43.0,52.666667,129,3
50,2016,176,45.0,58.666667,135,3
93,2016,31,25.0,31.0,25,3
53,2016,155,127.0,155.0,127,3
214,2016,70,16.67,23.333333,50,3
96,2016,144,135.0,144.0,135,3
96,2016,62,53.0,62.0,53,3
66,2016,173,54.0,86.5,108,3
96,2016,42,16.0,21.0,32,3
97,2016,83,38.0,41.5,76,3
214,2016,107,44.0,53.5,88,3
75,2016,149,40.0,49.666667,120,3
14,2016,115,26.67,38.333333,80,3
111,2016,64,15.0,21.333333,45,3
40,2016,14,3.0,4.666667,9,3
192,2016,135,38.33,45.0,115,3
24,2016,176,76.5,88.0,153,3
192,2016,155,38.33,51.666667,115,3
74,2016,85,63.0,85.0,63,3
186,2016,166,40.0,55.333333,120,3
106,2016,159,40.0,53.0,120,3
106,2016,20,15.0,20.0,15,3
115,2016,35,10.0,11.666667,30,3
136,2016,119,50.0,59.5,100,3
115,2016,70,19.0,23.333333,57,3
223,2016,122,35.0,40.666667,105,3
122,2016,152,120.0,152.0,120,3
133,2016,122,100.0,122.0,100,3
90,2016,50,39.0,50.0,39,3
90,2016,143,40.0,47.666667,120,3
71,2016,121,51.5,60.5,103,3
148,2016,165,43.33,55.0,130,3
155,2016,70,27.0,35.0,54,3
157,2016,94,27.0,31.333333,81,3
162,2016,169,43.33,56.333333,130,3
63,2016,133,110.0,133.0,110,3
189,2016,26,10.0,13.0,20,3
189,2016,11,4.5,5.5,9,3
60,2016,57,44.0,57.0,44,3
193,2016,124,33.33,41.333333,100,3
62,2016,11,4.5,5.5,9,3
48,2016,133,36.0,44.333333,108,3
86,2016,101,40.0,50.5,80,3
86,2016,92,75.0,92.0,75,3
149,2016,46,12.0,15.333333,36,3
172,2016,134,60.0,67.0,120,3
210,2016,71,17.67,23.666667,53,3
73,2016,196,76.5,98.0,153,3
84,2016,23,18.0,23.0,18,3
147,2016,32,15.0,16.0,30,3
107,2016,74,62.0,74.0,62,3
107,2016,143,37.33,47.666667,112,3
132,2016,35,27.0,35.0,27,3
75,2016,54,48.0,54.0,48,3
63,2016,45,18.5,22.5,37,3
60,2016,69,18.67,23.0,56,3
63,2016,49,20.0,24.5,40,3
55,2016,103,44.0,51.5,88,3
3,2016,32,9.67,10.666667,29,3
3,2016,145,65.0,72.5,130,3
178,2016,60,13.33,20.0,40,3
4,2016,93,70.0,93.0,70,3
4,2016,34,13.5,17.0,27,3
14,2016,68,52.0,68.0,52,3
29,2016,19,5.0,6.333333,15,3
203,2016,31,27.0,31.0,27,3
36,2016,80,70.0,80.0,70,3
86,2016,83,60.0,83.0,60,3
132,2016,229,54.0,76.333333,162,3
34,2016,197,75.0,98.5,150,3
28,2016,82,20.0,27.333333,60,3
194,2016,108,30.0,36.0,90,3
203,2016,108,40.0,54.0,80,3
221,2016,124,58.5,62.0,117,3
49,2016,21,6.0,7.0,18,3
204,2016,12,10.0,12.0,10,3
147,2016,153,38.33,51.0,115,3
204,2016,80,30.0,40.0,60,3
147,2016,42,32.0,42.0,32,3
214,2016,43,35.0,43.0,35,3
150,2016,74,23.33,24.666667,70,3
93,2016,146,130.0,146.0,130,3
107,2016,158,57.5,79.0,115,3
155,2016,163,62.5,81.5,125,3
169,2016,72,18.33,24.0,55,3
169,2016,43,12.0,14.333333,36,3
203,2016,122,33.0,40.666667,99,3
105,2016,33,9.0,11.0,27,3
233,2016,129,32.67,43.0,98,3
74,2016,96,87.0,96.0,87,3
225,2016,72,56.0,72.0,56,3
166,2016,86,60.0,86.0,60,3
14,2016,50,14.67,16.666667,44,3
14,2016,20,8.0,10.0,16,3
107,2016,109,48.0,54.5,96,3
83,2016,115,44.0,57.5,88,3
83,2016,86,65.0,86.0,65,3
17,2016,54,24.0,27.0,48,3
45,2016,37,29.0,37.0,29,3
45,2016,64,50.0,64.0,50,3
40,2016,68,26.5,34.0,53,3
40,2016,176,67.5,88.0,135,3
233,2016,119,46.0,59.5,92,3
38,2016,175,48.33,58.333333,145,3
121,2016,111,50.0,55.5,100,3
99,2016,50,22.0,25.0,44,3
15,2016,34,11.0,17.0,22,3
186,2016,17,7.0,8.5,14,3
186,2016,139,57.5,69.5,115,3
16,2016,13,10.0,13.0,10,3
141,2016,71,30.0,35.5,60,3
130,2016,97,80.0,97.0,80,3
16,2016,170,47.67,56.666667,143,3
74,2016,69,18.33,23.0,55,3
71,2016,74,56.0,74.0,56,3
48,2016,137,36.67,45.666667,110,3
71,2016,83,69.0,83.0,69,3
56,2016,100,84.0,100.0,84,3
40,2016,94,35.0,47.0,70,3
65,2016,186,75.0,93.0,150,3
3,2016,112,95.0,112.0,95,3
207,2016,64,17.33,21.333333,52,3
35,2016,154,63.5,77.0,127,3
26,2016,90,23.33,30.0,70,3
108,2016,156,40.0,52.0,120,3
72,2016,94,23.33,31.333333,70,3
55,2016,81,70.0,81.0,70,3
108,2016,167,39.0,55.666667,117,3
62,2016,96,25.0,32.0,75,3
81,2016,192,53.0,64.0,159,3
196,2016,60,50.0,60.0,50,3
145,2016,141,60.0,70.5,120,3
83,2016,38,30.0,38.0,30,3
53,2016,13,4.5,6.5,9,3
52,2016,33,8.33,11.0,25,3
19,2016,179,65.0,89.5,130,3
168,2016,77,28.0,38.5,56,3
63,2016,97,37.5,48.5,75,3
123,2016,110,95.0,110.0,95,3
25,2016,25,10.5,12.5,21,3
7,2016,129,32.67,43.0,98,3
58,2016,47,10.0,15.666667,30,3
24,2016,171,70.0,85.5,140,3
86,2016,29,12.5,14.5,25,3
58,2016,145,28.33,48.333333,85,3
108,2016,50,13.33,16.666667,40,3
138,2016,20,16.0,20.0,16,3
141,2016,85,23.0,28.333333,69,3
160,2016,183,48.33,61.0,145,3
160,2016,115,30.0,38.333333,90,3
189,2016,37,33.0,37.0,33,3
184,2016,79,66.0,79.0,66,3
10,2016,51,13.0,17.0,39,3
133,2016,181,70.0,90.5,140,3
3,2016,13,10.0,13.0,10,3
26,2016,128,33.0,42.666667,99,3
153,2016,58,53.0,58.0,53,3
203,2016,125,47.5,62.5,95,3
102,2016,78,20.0,26.0,60,3
123,2016,184,75.0,92.0,150,3
84,2016,45,20.0,22.5,40,3
225,2016,98,90.0,98.0,90,3
184,2016,68,50.0,68.0,50,3
184,2016,41,18.0,20.5,36,3
76,2016,52,13.67,17.333333,41,3
195,2016,124,90.0,124.0,90,3
195,2016,94,70.0,94.0,70,3
195,2016,133,59.5,66.5,119,3
76,2016,25,10.0,12.5,20,3
207,2016,66,16.67,22.0,50,3
158,2016,75,63.0,75.0,63,3
25,2016,133,33.33,44.333333,100,3
36,2016,56,37.0,56.0,37,3
19,2016,100,44.0,50.0,88,3
26,2016,153,61.0,76.5,122,3
55,2016,140,116.0,140.0,116,3
59,2016,73,30.0,36.5,60,3
60,2016,77,30.0,38.5,60,3
60,2016,105,32.67,35.0,98,3
75,2016,212,58.33,70.666667,175,3
108,2016,127,52.5,63.5,105,3
121,2016,75,60.0,75.0,60,3
121,2016,99,36.0,49.5,72,3
142,2016,19,5.0,6.333333,15,3
137,2016,25,23.0,25.0,23,3
137,2016,106,26.67,35.333333,80,3
166,2016,93,70.0,93.0,70,3
166,2016,10,3.0,3.333333,9,3
96,2016,113,37.5,56.5,75,3
171,2016,41,15.0,20.5,30,3
155,2016,152,43.33,50.666667,130,3
223,2016,76,31.0,38.0,62,3
150,2016,121,48.0,60.5,96,3
133,2016,49,40.0,49.0,40,3
49,2016,108,28.0,36.0,84,3
105,2016,20,15.0,20.0,15,3
20,2016,101,26.67,33.666667,80,3
79,2016,62,16.67,20.666667,50,3
145,2016,8,1.67,2.666667,5,3
145,2016,94,30.0,31.333333,90,3
20,2016,99,23.33,33.0,70,3
20,2016,201,45.0,67.0,135,3
19,2016,196,54.0,65.333333,162,3
214,2016,76,18.0,25.333333,54,3
190,2016,96,25.0,32.0,75,3
6,2016,92,69.0,92.0,69,3
72,2016,89,24.33,29.666667,73,3
173,2016,152,105.0,152.0,105,3
78,2016,13,5.0,6.5,10,3
137,2016,48,17.5,24.0,35,3
91,2016,174,62.5,87.0,125,3
91,2016,100,26.67,33.333333,80,3
158,2016,91,24.33,30.333333,73,3
26,2016,140,110.0,140.0,110,3
203,2016,34,12.5,17.0,25,3
158,2016,85,65.0,85.0,65,3
33,2016,42,35.0,42.0,35,3
141,2016,105,44.0,52.5,88,3
4,2016,6,5.0,6.0,5,3
93,2016,88,34.5,44.0,69,3
108,2016,87,23.33,29.0,70,3
89,2016,70,25.0,35.0,50,3
199,2016,94,26.67,31.333333,80,3
107,2016,55,13.33,18.333333,40,3
138,2016,146,105.0,146.0,105,3
58,2016,64,23.0,32.0,46,3
58,2016,7,1.67,2.333333,5,3
203,2016,58,36.0,58.0,36,3
14,2016,46,11.67,15.333333,35,3
150,2016,103,40.0,51.5,80,3
155,2016,95,29.33,31.666667,88,3
185,2016,125,55.0,62.5,110,3
102,2016,149,120.0,149.0,120,3
130,2016,75,35.0,37.5,70,3
201,2016,153,65.0,76.5,130,3
193,2016,6,2.5,3.0,5,3
174,2016,36,27.0,36.0,27,3
174,2016,146,45.0,48.666667,135,3
107,2016,75,60.0,75.0,60,3
107,2016,148,57.5,74.0,115,3
83,2016,69,50.0,69.0,50,3
22,2016,10,3.0,3.333333,9,3
92,2016,191,54.0,63.666667,162,3
127,2016,113,29.33,37.666667,88,3
45,2016,136,60.0,68.0,120,3
190,2016,12,11.0,12.0,11,3
5,2016,27,7.0,9.0,21,3
186,2016,178,50.0,59.333333,150,3
113,2016,25,10.0,12.5,20,3
68,2016,164,52.0,82.0,104,3
78,2016,48,13.33,16.0,40,3
102,2016,96,75.0,96.0,75,3
107,2016,8,3.5,4.0,7,3
203,2016,71,35.0,35.5,70,3
37,2016,56,16.0,18.666667,48,3
32,2016,42,17.5,21.0,35,3
137,2016,11,4.0,5.5,8,3
32,2016,77,20.0,25.666667,60,3
66,2016,173,71.5,86.5,143,3
30,2016,17,15.0,17.0,15,3
30,2016,205,50.0,68.333333,150,3
186,2016,25,20.0,25.0,20,3
153,2016,146,55.0,73.0,110,3
186,2016,165,63.0,82.5,126,3
204,2016,140,62.5,70.0,125,3
204,2016,35,14.5,17.5,29,3
32,2016,56,25.0,28.0,50,3
205,2016,98,40.0,49.0,80,3
17,2016,180,51.33,60.0,154,3
22,2016,79,16.67,26.333333,50,3
16,2016,44,35.0,44.0,35,3
204,2016,54,14.67,18.0,44,3
32,2016,147,67.5,73.5,135,3
185,2016,46,35.0,46.0,35,3
35,2016,134,55.0,67.0,110,3
27,2016,101,26.67,33.666667,80,3
205,2016,30,11.5,15.0,23,3
208,2016,177,44.0,59.0,132,3
132,2016,9,3.5,4.5,7,3
97,2016,52,35.0,52.0,35,3
113,2016,94,23.33,31.333333,70,3
37,2016,78,21.33,26.0,64,3
46,2016,57,15.0,19.0,45,3
52,2016,19,5.33,6.333333,16,3
113,2016,11,9.0,11.0,9,3
78,2016,56,14.67,18.666667,44,3
132,2016,37,16.0,18.5,32,3
69,2016,116,110.0,116.0,110,3
132,2016,151,120.0,151.0,120,3
100,2016,39,30.0,39.0,30,3
237,2016,1163,900.0,1163.0,900,4
381,2015,1034,980.0,1034.0,980,4
120,2015,922,1000.0,922.0,1000,4
424,2015,967,875.0,967.0,875,4
392,2015,1090,1015.0,1090.0,1015,4
80,2015,932,1000.0,932.0,1000,4
322,2015,1033,945.0,1033.0,945,4
26,2016,1131,875.0,1131.0,875,4
351,2015,1112,1015.0,1112.0,1015,4
0,2015,938,1000.0,938.0,1000,4
171,2016,1109,910.0,1109.0,910,4
178,2016,932,735.0,932.0,735,4
415,2015,982,900.0,982.0,900,4
417,2015,1057,805.0,1057.0,805,4
325,2015,1127,1015.0,1127.0,1015,4
313,2015,874,875.0,874.0,875,4
189,2016,982,754.0,982.0,754,4
168,2016,1128,980.0,1128.0,980,4
272,2016,933,815.0,933.0,815,4
134,2016,1006,769.0,1006.0,769,4
37,2016,1090,870.0,1090.0,870,4
118,2015,891,1000.0,891.0,1000,4
36,2016,1066,660.0,1066.0,660,4
8,2015,896,1000.0,896.0,1000,4
287,2016,942,800.0,942.0,800,4
348,2015,928,1120.0,928.0,1120,4
378,2015,969,1120.0,969.0,1120,4
14,2016,1108,840.0,1108.0,840,4
416,2015,888,840.0,888.0,840,4
303,2015,1012,980.0,1012.0,980,4
423,2015,1037,780.0,1037.0,780,4
225,2016,1123,700.0,1123.0,700,4
372,2015,925,950.0,925.0,950,4
271,2015,1145,980.0,1145.0,980,4
442,2015,1014,848.0,1014.0,848,4
284,2015,1058,910.0,1058.0,910,4
74,2016,1091,945.0,1091.0,945,4
130,2016,1221,870.0,1221.0,870,4
421,2015,930,900.0,930.0,900,4
138,2016,1089,900.0,1089.0,900,4
84,2016,991,826.0,991.0,826,4
236,2016,1141,875.0,1141.0,875,4
430,2015,1032,1120.0,1032.0,1120,4
290,2015,997,1120.0,997.0,1120,4
389,2015,1062,1120.0,1062.0,1120,4
311,2015,900,850.0,900.0,850,4
443,2015,894,850.0,894.0,850,4
111,2016,1088,848.0,1088.0,848,4
3,2016,940,770.0,940.0,770,4
88,2016,826,1050.0,826.0,1050,4
84,2016,1078,864.0,1078.0,864,4
439,2015,948,913.0,948.0,913,4
434,2015,960,769.0,960.0,769,4
99,2016,1101,800.0,1101.0,800,4
97,2016,1004,805.0,1004.0,805,4
229,2016,1041,815.0,1041.0,815,4
34,2016,1041,770.0,1041.0,770,4
424,2015,1177,980.0,1177.0,980,4
431,2015,910,810.0,910.0,810,4
243,2016,973,725.0,973.0,725,4
344,2015,1032,770.0,1032.0,770,4
342,2015,1076,945.0,1076.0,945,4
392,2015,1002,870.0,1002.0,870,4
62,2016,1243,870.0,1243.0,870,4
357,2015,1016,315.0,338.666667,945,5
424,2015,1093,507.5,546.5,1015,5
437,2015,1064,324.0,354.666667,972,5
311,2015,1126,256.67,375.333333,770,5
322,2015,1053,315.0,351.0,945,5
186,2016,1008,400.0,504.0,800,5
396,2015,1123,350.0,374.333333,1050,5
242,2015,1049,239.0,349.666667,717,5
384,2015,905,367.5,452.5,735,5
239,2016,1059,437.5,529.5,875,5
303,2015,1078,397.5,539.0,795,5
276,2016,844,378.0,422.0,756,5
406,2015,875,280.0,291.666667,840,5
48,2016,1104,425.0,552.0,850,5
305,2015,1108,455.0,554.0,910,5
327,2015,1020,455.0,510.0,910,5
141,2016,901,326.67,300.333333,980,5
82,2015,922,500.0,461.0,1000,5
316,2015,956,420.0,478.0,840,5
380,2015,1028,300.0,342.666667,900,5
392,2015,1038,525.0,519.0,1050,5
333,2015,1012,338.33,337.333333,1015,5
325,2015,926,268.33,308.666667,805,5
229,2016,1018,432.0,509.0,864,5
228,2016,939,270.0,313.0,810,5
85,2016,1054,437.5,527.0,875,5
327,2015,1008,525.0,504.0,1050,5
409,2015,860,405.0,430.0,810,5
113,2016,1080,268.33,360.0,805,5
72,2016,978,385.0,489.0,770,5
444,2015,906,385.0,453.0,770,5
313,2015,896,455.0,448.0,910,5
24,2016,990,425.0,495.0,850,5
393,2015,891,283.33,297.0,850,5
236,2016,1113,304.33,371.0,913,5
364,2015,969,432.0,484.5,864,5
179,2016,1164,342.0,388.0,1026,5
331,2015,1140,326.0,380.0,978,5
369,2015,977,437.5,488.5,875,5
306,2015,913,270.0,304.333333,810,5
170,2015,848,333.33,282.666667,1000,5
316,2015,923,420.0,461.5,840,5
417,2015,997,437.5,498.5,875,5
3,2016,1109,268.33,369.666667,805,5
444,2015,994,455.0,497.0,910,5
164,2016,1092,367.5,546.0,735,5
244,2016,1059,233.33,353.0,700,5
256,2016,861,420.0,430.5,840,5
349,2015,1111,268.33,370.333333,805,5
391,2015,1047,455.0,523.5,910,5
389,2015,1120,315.0,373.333333,945,5
361,2015,849,390.0,424.5,780,5
131,2016,1041,300.0,347.0,900,5
335,2015,941,373.33,313.666667,1120,5
344,2015,944,268.33,314.666667,805,5
98,2015,840,333.33,280.0,1000,5
378,2015,891,424.0,445.5,848,5
103,2015,851,333.33,283.666667,1000,5
428,2015,906,432.0,453.0,864,5
391,2015,850,391.0,425.0,782,5
362,2015,1195,338.33,398.333333,1015,5
279,2016,1044,456.5,522.0,913,5
308,2015,1037,315.0,345.666667,945,5
244,2016,986,378.0,493.0,756,5
60,2016,1089,437.5,544.5,875,5
381,2015,1079,455.0,539.5,910,5
39,2015,939,333.33,313.0,1000,5
296,2015,883,282.67,294.333333,848,5
175,2016,1070,437.5,535.0,875,5
25,2016,1189,290.0,396.333333,870,5
57,2015,903,333.33,301.0,1000,5
323,2015,952,402.5,476.0,805,5
306,2015,1205,326.67,401.666667,980,5
409,2015,926,300.0,308.666667,900,5
404,2015,976,560.0,488.0,1120,5
232,2016,1267,385.0,633.5,770,5
19,2016,1106,282.67,368.666667,848,5
232,2016,1233,315.0,411.0,945,5
318,2015,1106,326.67,368.666667,980,5
242,2015,931,280.0,310.333333,840,5
181,2015,899,500.0,449.5,1000,5
336,2015,1092,315.0,364.0,945,5
410,2015,1037,490.0,518.5,980,5
236,2016,1113,472.5,556.5,945,5
342,2015,1020,348.33,340.0,1045,5
378,2015,925,420.0,462.5,840,5
384,2015,883,437.5,441.5,875,5
229,2016,1058,291.67,352.666667,875,5
360,2015,970,414.0,323.333333,1242,5
179,2016,1218,326.67,406.0,980,5
249,2015,1035,490.0,517.5,980,5
334,2015,1025,360.0,341.666667,1080,5
190,2016,1049,450.0,524.5,900,5
137,2016,1196,326.67,398.666667,980,5
334,2015,1045,420.0,522.5,840,5
203,2016,905,280.0,301.666667,840,5
333,2015,997,371.0,498.5,742,5
253,2015,982,402.5,491.0,805,5
28,2016,1080,348.0,540.0,696,5
96,2016,1178,377.0,589.0,754,5
395,2015,911,367.5,455.5,735,5
312,2015,964,385.0,482.0,770,5
443,2015,900,402.5,450.0,805,5
244,2016,1028,303.33,342.666667,910,5
429,2015,879,384.5,439.5,769,5
441,2015,1153,326.67,384.333333,980,5
24,2016,873,472.5,436.5,945,5
327,2015,1191,432.0,595.5,864,5
167,2015,931,500.0,465.5,1000,5
442,2015,1082,373.33,360.666667,1120,5
27,2016,1249,291.67,416.333333,875,5
65,2016,995,384.5,497.5,769,5
248,2016,1172,338.33,390.666667,1015,5
426,2015,1093,390.0,546.5,780,5
33,2016,964,326.67,321.333333,980,5
302,2015,986,291.67,328.666667,875,5
176,2015,941,333.33,313.666667,1000,5
108,2016,1029,300.0,343.0,900,5
323,2015,1052,338.33,350.666667,1015,5
266,2016,1155,315.0,385.0,945,5
425,2015,1028,315.0,342.666667,945,5
292,2015,1881,814.33,627.0,2443,6
47,2015,1681,1024.5,840.5,2049,6
402,2015,2109,773.33,703.0,2320,6
163,2015,1566,683.0,522.0,2049,6
397,2015,1854,765.0,618.0,2295,6
419,2015,2168,794.67,722.666667,2384,6
59,2016,2189,765.0,729.666667,2295,6
215,2015,2214,690.33,738.0,2071,6
112,2015,1420,1035.5,710.0,2071,6
425,2015,2113,773.33,704.333333,2320,6
325,2015,1967,765.0,655.666667,2295,6
443,2015,2036,773.33,678.666667,2320,6
146,2015,1416,1024.5,708.0,2049,6
384,2015,2113,773.33,704.333333,2320,6
341,2015,1576,1147.5,788.0,2295,6
343,2015,2237,765.0,745.666667,2295,6
154,2015,1869,690.33,623.0,2071,6
144,2015,2124,727.33,708.0,2182,6
286,2015,2005,765.0,668.333333,2295,6
303,2015,2219,765.0,739.666667,2295,6
427,2015,2183,773.33,727.666667,2320,6
381,2015,2087,765.0,695.666667,2295,6
139,2015,1555,690.33,518.333333,2071,6
318,2015,2131,765.0,710.333333,2295,6
303,2015,2094,773.33,698.0,2320,6
269,2015,1492,773.33,497.333333,2320,6
418,2015,2045,765.0,681.666667,2295,6
62,2016,1752,773.33,584.0,2320,6
320,2015,2008,765.0,669.333333,2295,6
159,2015,1732,1024.5,866.0,2049,6
306,2015,2230,814.33,743.333333,2443,6
411,2015,1884,773.33,628.0,2320,6
183,2015,1717,683.0,572.333333,2049,6
27,2016,2092,773.33,697.333333,2320,6
418,2015,2219,773.33,739.666667,2320,6
62,2016,2205,765.0,735.0,2295,6
35,2016,2033,773.33,677.666667,2320,6
335,2015,2087,773.33,695.666667,2320,6
238,2015,2056,683.0,685.333333,2049,6
390,2015,1966,773.33,655.333333,2320,6
220,2015,1827,690.33,609.0,2071,6
398,2015,2106,773.33,702.0,2320,6
280,2015,1737,773.33,579.0,2320,6
108,2016,2089,765.0,696.333333,2295,6
110,2015,1655,1091.0,827.5,2182,6
284,2015,2222,773.33,740.666667,2320,6
11,2015,2042,690.33,680.666667,2071,6
64,2015,1774,1024.5,887.0,2049,6
394,2015,2165,765.0,721.666667,2295,6
197,2015,1349,1035.5,674.5,2071,6
213,2015,2043,690.33,681.0,2071,6
337,2015,1803,765.0,601.0,2295,6
222,2015,2040,690.33,680.0,2071,6
231,2015,1718,690.33,572.666667,2071,6
257,2015,1599,1160.0,799.5,2320,6
67,2015,1830,1024.5,915.0,2049,6
124,2015,2123,683.0,707.666667,2049,6
240,2015,1884,683.0,628.0,2049,6
247,2015,1434,1045.0,1434.0,1045,7
186,2016,1311,1015.0,1311.0,1015,7
216,2016,1247,1050.0,1247.0,1050,7
343,2015,1254,1250.0,1254.0,1250,7
312,2015,1289,1150.0,1289.0,1150,7
201,2016,1287,1016.0,1287.0,1016,7
32,2016,1271,1050.0,1271.0,1050,7
359,2015,1366,1334.0,1366.0,1334,7
291,2016,1464,1015.0,1464.0,1015,7
421,2015,1204,1200.0,1204.0,1200,7
441,2015,1462,1250.0,1462.0,1250,7
301,2015,1267,1050.0,1267.0,1050,7
60,2016,1351,1050.0,1351.0,1050,7
114,2016,1387,980.0,1387.0,980,7
296,2015,1221,980.0,1221.0,980,7
296,2015,1130,1400.0,1130.0,1400,7
138,2016,1218,1120.0,1218.0,1120,7
377,2015,1235,1210.0,1235.0,1210,7
131,2016,1310,1200.0,1310.0,1200,7
281,2016,1329,1143.0,1329.0,1143,7
218,2016,1553,1200.0,1553.0,1200,7
381,2015,1284,1215.0,1284.0,1215,7
219,2016,1344,1155.0,1344.0,1155,7
37,2016,1580,1150.0,1580.0,1150,7
351,2015,1147,1200.0,1147.0,1200,7
182,2016,1354,945.0,1354.0,945,7
194,2016,1260,1050.0,1260.0,1050,7
214,2016,1232,945.0,1232.0,945,7
210,2016,1234,1050.0,1234.0,1050,7
322,2015,1344,1300.0,1344.0,1300,7
147,2016,1199,980.0,1199.0,980,7
89,2016,1351,945.0,1351.0,945,7
426,2015,601,150.0,200.333333,450,8
372,2015,577,254.0,288.5,508,8
436,2015,628,190.67,209.333333,572,8
359,2015,788,280.0,394.0,560,8
426,2015,614,186.67,204.666667,560,8
291,2016,654,262.5,327.0,525,8
294,2015,747,247.33,249.0,742,8
349,2015,685,297.5,342.5,595,8
417,2015,710,186.67,236.666667,560,8
367,2015,731,345.0,365.5,690,8
349,2015,659,247.33,219.666667,742,8
355,2015,725,337.5,362.5,675,8
307,2015,791,360.0,395.5,720,8
307,2015,738,256.33,246.0,769,8
433,2015,513,270.0,256.5,540,8
415,2015,722,384.5,361.0,769,8
306,2015,770,247.33,256.666667,742,8
298,2015,659,319.0,329.5,638,8
320,2015,555,270.0,277.5,540,8
416,2015,496,270.0,248.0,540,8
318,2015,780,367.5,390.0,735,8
298,2015,660,247.33,220.0,742,8
433,2015,530,250.0,265.0,500,8
395,2015,622,175.0,207.333333,525,8
405,2015,505,188.33,168.333333,565,8
360,2015,682,216.67,227.333333,650,8
348,2015,723,325.0,361.5,650,8
391,2015,512,270.0,256.0,540,8
422,2015,759,319.0,379.5,638,8
415,2015,730,315.0,365.0,630,8
338,2015,640,247.33,213.333333,742,8
421,2015,669,210.0,223.0,630,8
301,2015,719,220.0,239.666667,660,8
349,2015,533,246.5,266.5,493,8
381,2015,524,243.0,262.0,486,8
436,2015,673,297.5,336.5,595,8
294,2015,632,277.0,316.0,554,8
326,2015,709,250.0,354.5,500,8
405,2015,566,188.33,188.666667,565,8
381,2015,778,375.0,389.0,750,8
346,2015,505,270.0,252.5,540,8
226,2016,714,191.67,238.0,575,8
316,2015,820,216.0,273.333333,648,8
442,2015,659,384.5,329.5,769,8
441,2015,858,302.5,429.0,605,8
433,2015,728,193.33,242.666667,580,8
337,2015,817,265.0,272.333333,795,8
348,2015,651,256.33,217.0,769,8
430,2015,672,384.5,336.0,769,8
318,2015,722,183.67,240.666667,551,8
416,2015,687,384.5,343.5,769,8
335,2015,739,175.0,246.333333,525,8
406,2015,698,315.0,349.0,630,8
376,2015,701,330.0,350.5,660,8
415,2015,706,315.0,353.0,630,8
358,2015,553,256.33,184.333333,769,8
431,2015,885,256.67,295.0,770,8
409,2015,633,186.67,211.0,560,8
420,2015,784,256.33,261.333333,769,8
327,2015,552,300.0,276.0,600,8
285,2016,565,215.0,188.333333,645,8
424,2015,502,180.0,167.333333,540,8
363,2015,751,384.5,375.5,769,8
372,2015,730,348.0,365.0,696,8
379,2015,566,243.0,283.0,486,8
422,2015,773,280.0,386.5,560,8
383,2015,551,180.0,183.666667,540,8
382,2015,787,350.0,393.5,700,8
401,2015,537,227.5,268.5,455,8
391,2015,563,227.5,281.5,455,8
366,2015,767,332.5,383.5,665,8
389,2015,876,256.67,292.0,770,8
403,2015,760,232.0,253.333333,696,8
416,2015,670,188.33,223.333333,565,8
417,2015,850,280.0,283.333333,840,8
427,2015,752,183.33,250.666667,550,8
438,2015,714,351.0,357.0,702,8
440,2015,639,330.0,319.5,660,8
405,2015,622,256.33,207.333333,769,8
398,2015,695,256.33,231.666667,769,8
320,2015,595,315.0,297.5,630,8
357,2015,639,227.5,319.5,455,8
291,2016,647,270.0,323.5,540,8
356,2015,529,270.0,264.5,540,8
273,2015,777,252.0,259.0,756,8
358,2015,759,233.33,253.0,700,8
317,2015,818,198.33,272.666667,595,8
442,2015,810,221.67,270.0,665,8
260,2016,718,203.0,239.333333,609,8
372,2015,819,367.5,409.5,735,8
419,2015,726,337.5,363.0,675,8
405,2015,698,300.0,349.0,600,8
356,2015,578,183.33,192.666667,550,8
244,2016,748,200.0,249.333333,600,8
356,2015,772,216.0,257.333333,648,8
347,2015,750,367.5,375.0,735,8
371,2015,621,186.67,207.0,560,8
420,2015,539,261.0,269.5,522,8
324,2015,730,384.5,365.0,769,8
417,2015,487,270.0,243.5,540,8
407,2015,605,175.0,201.666667,525,8
347,2015,821,283.33,273.666667,850,8
58,2016,3261,2320.0,3261.0,2320,9
89,2016,3071,2320.0,3071.0,2320,9
70,2016,2776,2384.0,2776.0,2384,9
233,2016,2971,2443.0,2971.0,2443,9
417,2015,2835,2320.0,2835.0,2320,9
9,2016,2954,2443.0,2954.0,2443,9
115,2016,3455,2384.0,3455.0,2384,9
22,2016,3070,2320.0,3070.0,2320,9
261,2015,3095,2443.0,3095.0,2443,9
178,2016,3245,2384.0,3245.0,2384,9
142,2016,3161,2384.0,3161.0,2384,9
171,2016,3887,3120.0,3887.0,3120,9
38,2016,3040,2295.0,3040.0,2295,9
96,2016,2988,2384.0,2988.0,2384,9
69,2016,3042,2320.0,3042.0,2320,9
90,2016,3005,2295.0,3005.0,2295,9
10,2016,3098,2295.0,3098.0,2295,9
127,2016,3263,2320.0,3263.0,2320,9
375,2015,2927,2443.0,2927.0,2443,9
126,2015,1987,1091.0,993.5,2182,10
411,2015,2123,1160.0,1061.5,2320,10
221,2016,2083,1192.0,1041.5,2384,10
39,2015,1979,1221.5,989.5,2443,10
61,2015,1925,1024.5,962.5,2049,10
30,2016,2242,1160.0,1121.0,2320,10
428,2015,2175,1147.5,1087.5,2295,10
433,2015,2307,1147.5,1153.5,2295,10
34,2016,2151,1147.5,1075.5,2295,10
23,2016,2211,1147.5,1105.5,2295,10
181,2015,2049,1035.5,1024.5,2071,10
424,2015,2213,1160.0,1106.5,2320,10
426,2015,2206,1160.0,1103.0,2320,10
441,2015,2215,1147.5,1107.5,2295,10
170,2015,2098,1024.5,1049.0,2049,10
389,2015,2004,1147.5,1002.0,2295,10
152,2015,2154,1024.5,1077.0,2049,10
340,2015,2004,1147.5,1002.0,2295,10
126,2015,2138,1091.0,1069.0,2182,10
322,2015,2149,1147.5,1074.5,2295,10
364,2015,1940,1160.0,970.0,2320,10
308,2015,2160,1160.0,1080.0,2320,10
415,2015,2078,1192.0,1039.0,2384,10
359,2015,2177,1160.0,1088.5,2320,10
425,2015,1746,1160.0,873.0,2320,10
409,2015,2235,1192.0,1117.5,2384,10
364,2015,2067,1147.5,1033.5,2295,10
378,2015,2073,1147.5,1036.5,2295,10
379,2015,2139,1160.0,1069.5,2320,10
12,2016,2262,1160.0,1131.0,2320,10
21,2015,2262,1035.5,1131.0,2071,10
431,2015,2089,1192.0,1044.5,2384,10
441,2015,2015,1192.0,1007.5,2384,10
253,2015,2169,1147.5,1084.5,2295,10
188,2015,2009,1091.0,1004.5,2182,10
294,2015,2251,1221.5,1125.5,2443,10
315,2015,2177,1160.0,1088.5,2320,10
414,2015,2267,1192.0,1133.5,2384,10
371,2015,1876,1147.5,938.0,2295,10
224,2015,2103,1024.5,1051.5,2049,10
334,2015,1824,1160.0,912.0,2320,10
213,2015,2247,1035.5,1123.5,2071,10
337,2015,1865,1147.5,932.5,2295,10
427,2015,2031,1160.0,1015.5,2320,10
51,2015,2098,1024.5,1049.0,2049,10
206,2015,1922,1091.0,961.0,2182,10
155,2016,2188,1160.0,1094.0,2320,10
257,2015,1884,1160.0,942.0,2320,10
428,2015,2017,1147.5,1008.5,2295,10
197,2015,2075,1024.5,1037.5,2049,10
299,2015,2280,1160.0,1140.0,2320,10
402,2015,2068,1147.5,1034.0,2295,10
442,2015,1924,1160.0,962.0,2320,10
365,2015,2122,1147.5,1061.0,2295,10
263,2015,2086,1160.0,1043.0,2320,10
397,2015,377,182.5,188.5,365,11
387,2015,356,157.5,178.0,315,11
415,2015,281,87.0,93.666667,261,11
315,2015,366,157.5,183.0,315,11
425,2015,238,190.0,238.0,190,11
340,2015,216,225.0,216.0,225,11
416,2015,265,240.0,265.0,240,11
312,2015,404,192.5,202.0,385,11
328,2015,486,116.67,162.0,350,11
403,2015,381,187.5,190.5,375,11
430,2015,347,350.0,347.0,350,11
380,2015,265,216.0,265.0,216,11
419,2015,437,225.5,218.5,451,11
247,2015,302,270.0,302.0,270,11
412,2015,411,270.0,205.5,540,11
317,2015,299,97.67,99.666667,293,11
311,2015,430,203.0,215.0,406,11
420,2015,230,300.0,230.0,300,11
308,2015,409,175.0,204.5,350,11
428,2015,229,200.0,229.0,200,11
321,2015,365,179.5,182.5,359,11
374,2015,457,140.0,152.333333,420,11
415,2015,394,116.67,131.333333,350,11
357,2015,368,135.0,184.0,270,11
331,2015,338,350.0,338.0,350,11
424,2015,454,140.0,151.333333,420,11
424,2015,467,140.0,155.666667,420,11
370,2015,289,87.0,96.333333,261,11
379,2015,426,216.0,213.0,432,11
320,2015,483,175.0,241.5,350,11
411,2015,298,81.67,99.333333,245,11
434,2015,330,240.0,330.0,240,11
438,2015,371,180.0,185.5,360,11
421,2015,410,133.33,136.666667,400,11
434,2015,377,127.0,125.666667,381,11
414,2015,280,165.0,140.0,330,11
352,2015,212,225.0,212.0,225,11
402,2015,370,175.0,185.0,350,11
432,2015,405,133.33,135.0,400,11
334,2015,304,252.0,304.0,252,11
298,2015,402,232.0,201.0,464,11
291,2016,316,137.5,158.0,275,11
430,2015,469,141.67,156.333333,425,11
421,2015,266,122.5,133.0,245,11
393,2015,419,128.33,139.666667,385,11
316,2015,349,301.0,349.0,301,11
436,2015,234,210.0,234.0,210,11
318,2015,375,159.0,187.5,318,11
431,2015,277,86.67,92.333333,260,11
354,2015,279,130.5,139.5,261,11
369,2015,408,116.67,136.0,350,11
422,2015,291,190.0,291.0,190,11
385,2015,245,243.0,245.0,243,11
387,2015,389,159.5,194.5,319,11
389,2015,353,105.0,117.666667,315,11
427,2015,261,245.0,261.0,245,11
332,2015,231,210.0,231.0,210,11
345,2015,435,140.0,145.0,420,11
415,2015,384,128.33,128.0,385,11
323,2015,314,150.0,157.0,300,11
338,2015,267,207.0,267.0,207,11
266,2016,335,83.33,111.666667,250,11
444,2015,289,270.0,289.0,270,11
344,2015,324,105.0,108.0,315,11
412,2015,297,90.0,99.0,270,11
249,2015,273,231.0,273.0,231,11
403,2015,267,135.0,133.5,270,11
257,2015,406,192.5,203.0,385,11
267,2015,459,128.33,153.0,385,11
331,2015,290,93.33,96.666667,280,11
387,2015,283,93.33,94.333333,280,11
425,2015,371,261.0,371.0,261,11
239,2016,379,145.0,189.5,290,11
221,2016,339,105.0,113.0,315,11
421,2015,368,270.0,184.0,540,11
236,2016,331,240.0,331.0,240,11
377,2015,297,300.0,297.0,300,11
306,2015,287,234.0,287.0,234,11
301,2015,261,223.0,261.0,223,11
277,2015,411,175.0,205.5,350,11
409,2015,440,133.33,146.666667,400,11
431,2015,416,180.0,208.0,360,11
256,2016,279,228.0,279.0,228,11
365,2015,321,175.0,160.5,350,11
396,2015,319,93.33,106.333333,280,11
400,2015,384,159.0,192.0,318,11
434,2015,316,280.0,316.0,280,11
376,2015,252,245.0,252.0,245,11
417,2015,303,81.0,101.0,243,11
417,2015,272,171.0,272.0,171,11
416,2015,260,245.0,260.0,245,11
416,2015,511,140.0,170.333333,420,11
415,2015,313,150.0,156.5,300,11
376,2015,452,141.67,150.666667,425,11
331,2015,306,93.33,102.0,280,11
300,2015,418,93.33,139.333333,280,11
411,2015,289,90.0,96.333333,270,11
241,2016,288,261.0,288.0,261,11
398,2015,352,175.0,176.0,350,11
392,2015,301,140.0,150.5,280,11
439,2015,371,108.0,123.666667,324,11
435,2015,343,163.0,171.5,326,11
424,2015,292,140.0,146.0,280,11
353,2015,267,129.0,133.5,258,11
388,2015,494,232.0,247.0,464,11
399,2015,396,130.33,132.0,391,11
346,2015,237,215.0,237.0,215,11
436,2015,295,122.5,147.5,245,11
322,2015,247,245.0,247.0,245,11
347,2015,384,172.0,192.0,344,11
376,2015,237,240.0,237.0,240,11
398,2015,323,96.67,107.666667,290,11
302,2015,335,192.5,167.5,385,11
336,2015,427,116.67,142.333333,350,11
440,2015,272,125.0,136.0,250,11
387,2015,279,135.0,139.5,270,11
412,2015,335,105.0,111.666667,315,11
291,2016,288,225.0,288.0,225,11
372,2015,313,90.0,104.333333,270,11
397,2015,367,96.67,122.333333,290,11
184,2016,435,187.0,217.5,374,12
186,2016,440,172.0,220.0,344,12
371,2015,565,210.0,282.5,420,12
78,2016,581,240.0,290.5,480,12
237,2016,641,175.0,213.666667,525,12
164,2016,597,242.0,298.5,484,12
192,2016,528,282.5,264.0,565,12
153,2016,424,176.0,212.0,352,12
73,2016,648,154.0,216.0,462,12
32,2016,459,175.0,229.5,350,12
72,2016,578,236.5,289.0,473,12
38,2016,715,179.67,238.333333,539,12
323,2015,486,225.0,243.0,450,12
182,2016,556,198.0,278.0,396,12
302,2015,521,245.0,260.5,490,12
313,2015,563,163.33,187.666667,490,12
186,2016,598,270.0,299.0,540,12
190,2016,660,270.0,330.0,540,12
344,2015,533,180.0,177.666667,540,12
194,2016,477,198.0,238.5,396,12
16,2016,481,192.5,240.5,385,12
298,2015,576,238.5,288.0,477,12
350,2015,484,188.33,161.333333,565,12
125,2016,464,179.5,232.0,359,12
205,2016,734,150.0,244.666667,450,12
19,2016,682,151.67,227.333333,455,12
194,2016,577,180.0,192.333333,540,12
79,2016,674,175.0,224.666667,525,12
96,2016,583,245.0,291.5,490,12
135,2016,513,210.0,256.5,420,12
216,2016,525,192.5,262.5,385,12
268,2016,566,159.0,188.666667,477,12
92,2016,552,240.0,276.0,480,12
321,2015,488,232.0,244.0,464,12
295,2016,531,240.0,265.5,480,12
150,2016,611,175.0,203.666667,525,12
193,2016,535,175.0,267.5,350,12
89,2016,654,144.0,218.0,432,12
273,2015,508,180.0,169.333333,540,12
281,2016,498,209.0,249.0,418,12
175,2016,643,183.33,214.333333,550,12
53,2016,659,280.0,329.5,560,12
158,2016,510,166.67,170.0,500,12
196,2016,504,195.0,252.0,390,12
109,2016,627,250.0,313.5,500,12
266,2016,506,187.0,253.0,374,12
121,2016,546,210.0,273.0,420,12
14,2016,620,270.0,310.0,540,12
19,2016,569,180.0,189.666667,540,12
43,2016,473,175.0,236.5,350,12
40,2016,602,270.0,301.0,540,12
147,2016,554,151.67,184.666667,455,12
75,2016,653,262.5,326.5,525,12
289,2016,541,151.67,180.333333,455,12
147,2016,553,141.33,184.333333,424,12
208,2016,564,270.0,282.0,540,12
185,2016,584,180.0,194.666667,540,12
107,2016,472,119.67,157.333333,359,12
236,2016,471,253.0,235.5,506,12
150,2016,481,204.0,240.5,408,12
9,2016,520,208.0,260.0,416,12
196,2016,567,270.0,283.5,540,12
111,2016,636,128.33,212.0,385,12
221,2016,496,270.0,248.0,540,12
15,2016,729,163.33,243.0,490,12
221,2016,579,270.0,289.5,540,12
264,2016,515,135.33,171.666667,406,12
49,2016,649,186.33,216.333333,559,12
63,2016,642,180.0,214.0,540,12
228,2016,519,188.33,173.0,565,12
278,2015,563,270.0,281.5,540,12
295,2016,558,161.33,186.0,484,12
191,2016,606,128.33,202.0,385,12
298,2015,553,245.0,276.5,490,12
204,2016,612,280.0,306.0,560,12
210,2016,622,183.33,207.333333,550,12
225,2016,466,140.0,155.333333,420,12
303,2015,623,217.5,311.5,435,12
52,2016,464,132.0,154.666667,396,12
142,2016,657,232.5,328.5,465,12
76,2016,723,186.67,241.0,560,12
180,2016,597,162.0,199.0,486,12
26,2016,622,247.0,311.0,494,12
6,2016,458,176.0,229.0,352,12
230,2016,549,126.0,183.0,378,12
134,2016,498,192.5,249.0,385,12
229,2016,639,247.5,319.5,495,12
66,2016,477,117.33,159.0,352,12
76,2016,477,116.67,159.0,350,12
86,2016,599,270.0,299.5,540,12
166,2016,468,126.0,156.0,378,12
203,2016,566,243.0,283.0,486,12
230,2016,627,151.67,209.0,455,12
108,2016,683,180.0,227.666667,540,12
107,2016,644,191.67,214.666667,575,12
193,2016,539,225.0,269.5,450,12
40,2016,537,180.0,179.0,540,12
62,2016,570,270.0,285.0,540,12
62,2016,536,282.5,268.0,565,12
191,2016,521,116.67,173.666667,350,12
102,2016,570,180.0,190.0,540,12
56,2016,645,184.67,215.0,554,12
26,2016,567,180.0,189.0,540,12
22,2016,560,128.33,186.666667,385,12
241,2016,521,130.0,173.666667,390,12
157,2016,521,180.0,173.666667,540,12
48,2016,661,175.0,220.333333,525,12
71,2016,672,262.5,336.0,525,12
237,2016,642,150.0,214.0,450,12
48,2016,587,121.67,195.666667,365,12
179,2016,719,180.0,239.666667,540,12
189,2016,662,280.0,331.0,560,12
27,2016,635,262.5,317.5,525,12
204,2016,808,637.0,808.0,637,13
443,2015,676,742.0,676.0,742,13
226,2016,757,742.0,757.0,742,13
174,2016,746,551.0,746.0,551,13
434,2015,730,605.0,730.0,605,13
137,2016,864,700.0,864.0,700,13
420,2015,764,769.0,764.0,769,13
171,2016,816,665.0,816.0,665,13
424,2015,669,630.0,669.0,630,13
189,2016,634,560.0,634.0,560,13
276,2016,858,665.0,858.0,665,13
410,2015,692,565.0,692.0,565,13
184,2016,668,742.0,668.0,742,13
113,2016,782,615.0,782.0,615,13
166,2016,757,625.0,757.0,625,13
323,2015,772,700.0,772.0,700,13
356,2015,704,630.0,704.0,630,13
63,2016,622,540.0,622.0,540,13
32,2016,640,565.0,640.0,565,13
88,2016,719,528.0,719.0,528,13
354,2015,637,595.0,637.0,595,13
431,2015,700,769.0,700.0,769,13
191,2016,807,700.0,807.0,700,13
191,2016,868,665.0,868.0,665,13
187,2016,847,769.0,847.0,769,13
226,2016,633,593.0,633.0,593,13
136,2016,747,602.0,747.0,602,13
415,2015,630,587.0,630.0,587,13
33,2016,793,769.0,793.0,769,13
374,2015,668,595.0,668.0,595,13
36,2016,713,571.0,713.0,571,13
169,2016,790,659.0,790.0,659,13
9,2016,679,500.0,679.0,500,13
271,2015,712,630.0,712.0,630,13
207,2016,874,750.0,874.0,750,13
69,2016,800,742.0,800.0,742,13
76,2016,925,648.0,925.0,648,13
438,2015,734,769.0,734.0,769,13
219,2016,737,742.0,737.0,742,13
219,2016,734,686.0,734.0,686,13
113,2016,821,665.0,821.0,665,13
59,2016,664,506.0,664.0,506,13
33,2016,738,560.0,738.0,560,13
229,2016,675,742.0,675.0,742,13
212,2016,758,742.0,758.0,742,13
425,2015,674,595.0,674.0,595,13
407,2015,618,600.0,618.0,600,13
298,2015,811,770.0,811.0,770,13
157,2016,848,769.0,848.0,769,13
430,2015,717,652.0,717.0,652,13
203,2016,822,742.0,822.0,742,13
418,2015,645,600.0,645.0,600,13
16,2016,816,571.0,816.0,571,13
194,2016,850,750.0,850.0,750,13
394,2015,716,636.0,716.0,636,13
3,2016,717,630.0,717.0,630,13
28,2016,872,560.0,872.0,560,13
34,2016,851,700.0,851.0,700,13
325,2015,627,650.0,627.0,650,13
399,2015,610,560.0,610.0,560,13
42,2016,735,580.0,735.0,580,13
14,2016,805,650.0,805.0,650,13
312,2015,712,490.0,712.0,490,13
218,2016,1010,595.0,1010.0,595,13
426,2015,836,735.0,836.0,735,13
329,2015,870,756.0,870.0,756,13
62,2016,736,661.0,736.0,661,13
352,2015,868,648.0,868.0,648,13
158,2016,808,742.0,808.0,742,13
244,2016,743,525.0,743.0,525,13
204,2016,871,648.0,871.0,648,13
6,2016,806,665.0,806.0,665,13
199,2016,701,540.0,701.0,540,13
172,2016,626,560.0,626.0,560,13
338,2015,748,715.0,748.0,715,13
372,2015,788,702.0,788.0,702,13
365,2015,862,770.0,862.0,770,13
379,2015,823,770.0,823.0,770,13
228,2016,691,540.0,691.0,540,13
62,2016,864,675.0,864.0,675,13
15,2016,879,700.0,879.0,700,13
223,2016,688,510.0,688.0,510,13
393,2015,691,630.0,691.0,630,13
270,2016,677,528.0,677.0,528,13
153,2016,740,805.0,740.0,805,13
182,2016,761,551.0,761.0,551,13
174,2016,794,645.0,794.0,645,13
189,2016,694,595.0,694.0,595,13
184,2016,783,630.0,783.0,630,13
365,2015,774,636.0,774.0,636,13
320,2015,778,580.0,778.0,580,13
204,2016,826,665.0,826.0,665,13
88,2016,715,525.0,715.0,525,13
14,2016,881,595.0,881.0,595,13
122,2016,670,490.0,670.0,490,13
150,2016,687,550.0,687.0,550,13
333,2015,587,735.0,587.0,735,13
308,2015,667,522.0,667.0,522,13
323,2015,2709,1147.5,1354.5,2295,14
14,2016,2606,1160.0,1303.0,2320,14
193,2016,2403,1147.5,1201.5,2295,14
86,2016,2319,1147.5,1159.5,2295,14
234,2016,2567,1192.0,1283.5,2384,14
316,2015,2328,1147.5,1164.0,2295,14
56,2016,2344,1147.5,1172.0,2295,14
151,2016,2375,1160.0,1187.5,2320,14
6,2016,2674,1160.0,1337.0,2320,14
174,2016,2626,1192.0,1313.0,2384,14
314,2015,2323,1147.5,1161.5,2295,14
22,2016,2304,1147.5,1152.0,2295,14
37,2016,2643,1147.5,1321.5,2295,14
232,2016,2411,1192.0,1205.5,2384,14
208,2016,2369,1160.0,1184.5,2320,14
158,2016,2634,1020.0,1317.0,2040,14
393,2015,2458,1221.5,1229.0,2443,14
306,2015,2705,1147.5,1352.5,2295,14
218,2016,2440,1147.5,1220.0,2295,14
194,2016,2474,1147.5,1237.0,2295,14
164,2016,2859,1192.0,1429.5,2384,14
247,2015,2681,1160.0,1340.5,2320,14
383,2015,2486,1160.0,1243.0,2320,14
349,2015,2646,1160.0,1323.0,2320,14
58,2016,2625,1147.5,1312.5,2295,14
425,2015,2716,1147.5,1358.0,2295,14
26,2016,2414,1192.0,1207.0,2384,14
418,2015,2399,1147.5,1199.5,2295,14
26,2016,2720,1192.0,1360.0,2384,14
348,2015,2783,1147.5,1391.5,2295,14
242,2015,2610,1160.0,1305.0,2320,14
217,2015,2592,1035.5,1296.0,2071,14
275,2015,2424,1192.0,1212.0,2384,14
429,2015,2524,1147.5,1262.0,2295,14
214,2016,2501,1192.0,1250.5,2384,14
203,2016,2468,1160.0,1234.0,2320,14
189,2016,2602,1192.0,1301.0,2384,14
292,2015,2326,1147.5,1163.0,2295,14
134,2016,2450,921.0,1225.0,1842,14
421,2015,2414,1160.0,1207.0,2320,14
255,2015,2506,1160.0,1253.0,2320,14
208,2016,2550,1192.0,1275.0,2384,14
236,2016,2393,850.5,1196.5,1701,14
96,2016,2354,1192.0,1177.0,2384,14
100,2016,2530,1147.5,1265.0,2295,14
249,2015,2685,1192.0,1342.5,2384,14
326,2015,2699,1147.5,1349.5,2295,14
330,2015,2677,1160.0,1338.5,2320,14
131,2016,2553,1192.0,1276.5,2384,14
392,2015,2455,1192.0,1227.5,2384,14
298,2015,2381,1192.0,1190.5,2384,14
197,2015,2737,1035.5,1368.5,2071,14
113,2016,2449,1147.5,1224.5,2295,14
35,2016,2459,1192.0,1229.5,2384,14
44,2015,2372,1221.5,1186.0,2443,14
214,2016,3419,814.33,1139.666667,2443,15
24,2016,3023,1160.0,1511.5,2320,15
23,2016,2936,1147.5,1468.0,2295,15
94,2016,3234,1192.0,1617.0,2384,15
145,2016,3184,794.67,1061.333333,2384,15
127,2016,3126,794.67,1042.0,2384,15
182,2016,3197,794.67,1065.666667,2384,15
96,2016,3007,1192.0,1503.5,2384,15
229,2016,3404,814.33,1134.666667,2443,15
228,2016,3312,1147.5,1656.0,2295,15
142,2016,3345,794.67,1115.0,2384,15
89,2016,3681,1192.0,1840.5,2384,15
236,2016,2928,1192.0,1464.0,2384,15
48,2016,3217,794.67,1072.333333,2384,15
27,2016,3135,1147.5,1567.5,2295,15
392,2015,94,42.5,47.0,85,16
309,2015,22,10.0,11.0,20,16
370,2015,3,0.67,1.0,2,16
383,2015,63,18.0,21.0,54,16
370,2015,60,30.0,30.0,60,16
245,2015,67,54.0,67.0,54,16
326,2015,13,4.5,6.5,9,16
245,2015,83,31.5,41.5,63,16
379,2015,21,7.5,10.5,15,16
361,2015,69,50.0,69.0,50,16
278,2015,92,29.0,30.666667,87,16
298,2015,118,33.33,39.333333,100,16
247,2015,41,37.0,41.0,37,16
444,2015,70,16.67,23.333333,50,16
444,2015,69,50.0,69.0,50,16
402,2015,11,5.0,5.5,10,16
289,2016,87,25.0,29.0,75,16
387,2015,16,15.0,16.0,15,16
337,2015,58,50.0,58.0,50,16
386,2015,137,36.0,45.666667,108,16
346,2015,76,81.0,76.0,81,16
337,2015,20,10.0,10.0,20,16
405,2015,24,24.0,24.0,24,16
441,2015,98,45.0,49.0,90,16
377,2015,31,13.5,15.5,27,16
377,2015,49,20.0,24.5,40,16
386,2015,74,81.0,74.0,81,16
381,2015,11,3.33,3.666667,10,16
372,2015,56,16.67,18.666667,50,16
223,2016,32,8.33,10.666667,25,16
334,2015,78,33.0,39.0,66,16
369,2015,69,60.0,69.0,60,16
337,2015,53,15.0,17.666667,45,16
309,2015,93,63.0,46.5,126,16
354,2015,31,15.0,15.5,30,16
237,2016,43,36.0,43.0,36,16
345,2015,80,37.5,40.0,75,16
298,2015,40,35.0,40.0,35,16
244,2016,63,53.0,63.0,53,16
223,2016,30,12.0,15.0,24,16
332,2015,86,37.5,43.0,75,16
425,2015,71,47.5,35.5,95,16
397,2015,96,46.0,48.0,92,16
301,2015,119,55.0,59.5,110,16
272,2016,119,45.0,59.5,90,16
276,2016,56,46.0,56.0,46,16
424,2015,67,21.67,22.333333,65,16
268,2016,41,37.0,41.0,37,16
272,2016,39,27.0,39.0,27,16
324,2015,65,64.0,65.0,64,16
405,2015,64,21.33,21.333333,64,16
337,2015,73,72.0,73.0,72,16
249,2015,10,4.5,5.0,9,16
249,2015,46,45.0,46.0,45,16
402,2015,72,30.0,36.0,60,16
308,2015,72,23.33,24.0,70,16
335,2015,90,35.0,45.0,70,16
366,2015,26,24.0,26.0,24,16
416,2015,54,25.0,27.0,50,16
443,2015,15,7.5,7.5,15,16
416,2015,81,80.0,81.0,80,16
427,2015,82,70.0,82.0,70,16
225,2016,8,7.0,8.0,7,16
427,2015,18,5.0,6.0,15,16
399,2015,5,2.5,2.5,5,16
421,2015,16,15.0,16.0,15,16
400,2015,96,90.0,96.0,90,16
400,2015,11,5.0,5.5,10,16
322,2015,34,15.0,17.0,30,16
243,2016,74,27.5,37.0,55,16
390,2015,66,30.0,33.0,60,16
378,2015,45,45.0,45.0,45,16
234,2016,72,80.0,72.0,80,16
377,2015,68,20.0,22.666667,60,16
392,2015,55,26.5,27.5,53,16
345,2015,38,35.0,38.0,35,16
225,2016,6,1.67,2.0,5,16
399,2015,94,80.0,94.0,80,16
346,2015,32,32.0,32.0,32,16
391,2015,53,50.0,53.0,50,16
337,2015,35,25.0,35.0,25,16
331,2015,52,16.0,17.333333,48,16
306,2015,21,10.0,10.5,20,16
332,2015,56,20.0,28.0,40,16
377,2015,11,10.0,11.0,10,16
371,2015,65,28.0,32.5,56,16
360,2015,60,29.0,30.0,58,16
360,2015,99,85.0,99.0,85,16
357,2015,22,7.0,7.333333,21,16
357,2015,21,10.0,10.5,20,16
397,2015,33,16.0,16.5,32,16
299,2015,33,30.0,33.0,30,16
315,2015,16,5.0,5.333333,15,16
388,2015,101,42.5,50.5,85,16
296,2015,103,44.0,51.5,88,16
359,2015,114,35.0,38.0,105,16
328,2015,113,52.5,56.5,105,16
298,2015,11,3.33,3.666667,10,16
332,2015,56,20.5,28.0,41,16
307,2015,11,3.33,3.666667,10,16
367,2015,50,16.0,16.666667,48,16
371,2015,58,22.5,29.0,45,16
378,2015,75,65.0,75.0,65,16
247,2015,36,35.0,36.0,35,16
298,2015,65,26.5,32.5,53,16
389,2015,83,75.0,83.0,75,16
387,2015,102,25.0,34.0,75,16
388,2015,43,14.67,14.333333,44,16
359,2015,32,17.5,16.0,35,16
359,2015,80,31.0,40.0,62,16
276,2016,86,23.33,28.666667,70,16
416,2015,5,2.5,2.5,5,16
359,2015,104,45.0,52.0,90,16
218,2016,50,18.0,25.0,36,16
344,2015,70,66.0,70.0,66,16
376,2015,41,35.0,41.0,35,16
371,2015,12,4.5,6.0,9,16
315,2015,53,18.33,17.666667,55,16
409,2015,103,31.67,34.333333,95,16
409,2015,29,30.0,29.0,30,16
412,2015,26,10.0,13.0,20,16
391,2015,61,27.5,30.5,55,16
413,2015,121,43.33,40.333333,130,16
322,2015,41,13.33,13.666667,40,16
388,2015,79,23.33,26.333333,70,16
266,2016,124,45.0,62.0,90,16
422,2015,21,8.33,7.0,25,16
388,2015,81,70.0,81.0,70,16
239,2016,27,6.67,9.0,20,16
239,2016,52,22.0,26.0,44,16
236,2016,120,33.33,40.0,100,16
425,2015,12,14.0,12.0,14,16
236,2016,11,4.5,5.5,9,16
362,2015,55,50.0,55.0,50,16
335,2015,43,45.0,43.0,45,16
245,2015,47,17.5,23.5,35,16
225,2016,25,22.0,25.0,22,16
239,2016,67,16.33,22.333333,49,16
416,2015,74,32.0,37.0,64,16
398,2015,59,19.0,19.666667,57,16
428,2015,60,53.0,60.0,53,16
260,2016,74,25.0,24.666667,75,16
260,2016,89,17.67,29.666667,53,16
357,2015,23,11.5,11.5,23,16
337,2015,39,18.0,19.5,36,16
245,2015,92,45.0,46.0,90,16
296,2015,98,45.0,49.0,90,16
303,2015,10,3.33,3.333333,10,16
303,2015,34,10.0,11.333333,30,16
303,2015,48,60.0,48.0,60,16
318,2015,36,12.5,18.0,25,16
318,2015,60,23.0,30.0,46,16
410,2015,97,26.67,32.333333,80,16
332,2015,24,7.0,8.0,21,16
353,2015,29,12.0,9.666667,36,16
353,2015,17,5.33,5.666667,16,16
362,2015,31,30.0,31.0,30,16
374,2015,33,32.0,33.0,32,16
391,2015,38,18.5,19.0,37,16
226,2016,61,50.0,61.0,50,16
340,2015,70,54.0,70.0,54,16
320,2015,38,30.0,38.0,30,16
365,2015,4,5.0,4.0,5,16
253,2015,78,36.0,39.0,72,16
414,2015,9,5.5,4.5,11,16
352,2015,85,80.0,85.0,80,16
441,2015,90,70.0,90.0,70,16
397,2015,54,16.67,18.0,50,16
419,2015,26,8.33,8.666667,25,16
419,2015,40,37.0,40.0,37,16
289,2016,116,50.0,58.0,100,16
417,2015,50,54.0,50.0,54,16
254,2016,73,15.0,24.333333,45,16
328,2015,41,12.0,13.666667,36,16
349,2015,82,20.0,27.333333,60,16
427,2015,78,30.0,39.0,60,16
427,2015,75,30.0,37.5,60,16
442,2015,91,45.0,45.5,90,16
438,2015,47,41.0,47.0,41,16
432,2015,19,16.0,19.0,16,16
383,2015,30,17.5,15.0,35,16
406,2015,76,32.0,38.0,64,16
351,2015,45,18.0,22.5,36,16
422,2015,73,47.5,36.5,95,16
320,2015,71,69.0,71.0,69,16
226,2016,71,28.5,35.5,57,16
378,2015,40,11.33,13.333333,34,16
378,2015,78,37.5,39.0,75,16
386,2015,30,27.0,30.0,27,16
244,2016,10,8.0,10.0,8,16
319,2015,57,17.67,19.0,53,16
311,2015,36,30.0,36.0,30,16
359,2015,47,20.0,23.5,40,16
322,2015,38,18.5,19.0,37,16
262,2016,31,12.0,15.5,24,16
413,2015,39,35.0,39.0,35,16
319,2015,89,90.0,89.0,90,16
345,2015,32,14.67,10.666667,44,16
325,2015,31,13.5,15.5,27,16
333,2015,76,30.0,25.333333,90,16
315,2015,99,30.0,33.0,90,16
257,2015,58,30.0,29.0,60,16
304,2015,72,37.5,36.0,75,16
242,2015,92,70.0,92.0,70,16
337,2015,86,100.0,86.0,100,16
337,2015,7,5.0,7.0,5,16
242,2015,69,28.0,23.0,84,16
408,2015,20,7.5,10.0,15,16
364,2015,33,32.0,33.0,32,16
257,2015,95,55.0,47.5,110,16
242,2015,67,25.0,33.5,50,16
405,2015,97,70.0,97.0,70,16
377,2015,49,16.67,16.333333,50,16
264,2016,52,13.33,17.333333,40,16
308,2015,60,25.0,30.0,50,16
426,2015,100,80.0,100.0,80,16
431,2015,24,7.67,8.0,23,16
225,2016,30,25.0,30.0,25,16
441,2015,6,1.67,2.0,5,16
378,2015,30,23.0,30.0,23,16
319,2015,69,63.0,69.0,63,16
228,2016,59,55.0,59.0,55,16
229,2016,13,11.0,13.0,11,16
229,2016,45,12.0,15.0,36,16
435,2015,12,15.0,12.0,15,16
378,2015,120,44.0,60.0,88,16
355,2015,7,1.67,2.333333,5,16
366,2015,15,5.0,7.5,10,16
285,2016,12,7.0,12.0,7,16
336,2015,68,16.67,22.666667,50,16
256,2016,44,18.5,22.0,37,16
299,2015,109,50.0,54.5,100,16
230,2016,35,14.0,17.5,28,16
415,2015,120,54.0,60.0,108,16
291,2016,45,37.0,45.0,37,16
237,2016,45,18.0,22.5,36,16
300,2015,52,54.0,52.0,54,16
336,2015,70,50.0,70.0,50,16
210,2016,28,7.67,9.333333,23,16
291,2016,20,15.0,20.0,15,16
332,2015,55,25.0,27.5,50,16
436,2015,11,3.0,3.666667,9,16
351,2015,73,55.0,73.0,55,16
421,2015,5,5.0,5.0,5,16
328,2015,27,20.0,27.0,20,16
405,2015,28,13.5,14.0,27,16
405,2015,73,35.0,36.5,70,16
233,2016,34,8.33,11.333333,25,16
334,2015,67,29.0,33.5,58,16
412,2015,57,13.67,19.0,41,16
369,2015,4,1.33,1.333333,4,16
412,2015,80,21.33,26.666667,64,16
347,2015,67,20.0,22.333333,60,16
347,2015,38,11.67,12.666667,35,16
280,2015,13,18.0,13.0,18,16
317,2015,122,37.33,40.666667,112,16
334,2015,92,26.67,30.666667,80,16
419,2015,71,23.33,23.666667,70,16
219,2016,56,20.5,28.0,41,16
316,2015,52,16.67,17.333333,50,16
219,2016,45,20.0,22.5,40,16
300,2015,55,16.0,18.333333,48,16
334,2015,72,31.0,36.0,62,16
419,2015,44,39.0,44.0,39,16
420,2015,29,25.0,29.0,25,16
426,2015,37,11.67,12.333333,35,16
303,2015,87,81.0,87.0,81,16
236,2016,16,3.33,5.333333,10,16
225,2016,42,11.33,14.0,34,16
429,2015,111,55.0,55.5,110,16
431,2015,10,4.5,5.0,9,16
430,2015,54,23.0,27.0,46,16
434,2015,101,46.0,50.5,92,16
434,2015,119,35.0,39.666667,105,16
279,2016,96,72.0,96.0,72,16
438,2015,65,32.0,32.5,64,16
444,2015,71,21.67,23.666667,65,16
243,2016,121,50.0,60.5,100,16
248,2016,94,25.0,31.333333,75,16
444,2015,89,90.0,89.0,90,16
411,2015,5,1.67,1.666667,5,16
376,2015,6,1.67,2.0,5,16
407,2015,69,21.33,23.0,64,16
411,2015,63,30.0,31.5,60,16
248,2016,87,40.5,43.5,81,16
384,2015,75,21.33,25.0,64,16
376,2015,33,15.0,16.5,30,16
378,2015,12,5.5,6.0,11,16
426,2015,45,11.67,15.0,35,16
313,2015,33,10.0,11.0,30,16
430,2015,19,5.33,6.333333,16,16
366,2015,66,32.5,33.0,65,16
424,2015,38,17.5,19.0,35,16
258,2016,52,44.0,52.0,44,16
328,2015,34,9.0,11.333333,27,16
405,2015,37,17.5,18.5,35,16
436,2015,96,90.0,96.0,90,16
316,2015,32,27.0,32.0,27,16
431,2015,59,25.0,29.5,50,16
327,2015,36,35.0,36.0,35,16
326,2015,9,4.0,4.5,8,16
395,2015,107,33.33,35.666667,100,16
312,2015,62,55.0,62.0,55,16
357,2015,7,2.5,3.5,5,16
236,2016,53,36.0,53.0,36,16
323,2015,8,7.0,8.0,7,16
234,2016,88,23.0,29.333333,69,16
252,2016,60,16.33,20.0,49,16
374,2015,83,80.0,83.0,80,16
404,2015,119,55.0,59.5,110,16
234,2016,68,56.0,68.0,56,16
382,2015,99,45.0,49.5,90,16
404,2015,128,35.0,42.666667,105,16
389,2015,49,25.0,24.5,50,16
354,2015,106,43.5,53.0,87,16
406,2015,27,8.33,9.0,25,16
392,2015,51,18.0,17.0,54,16
417,2015,21,20.0,21.0,20,16
237,2016,25,21.0,25.0,21,16
403,2015,94,75.0,94.0,75,16
401,2015,51,15.33,17.0,46,16
440,2015,7,7.0,7.0,7,16
234,2016,28,11.5,14.0,23,16
354,2015,17,16.0,17.0,16,16
356,2015,118,36.67,39.333333,110,16
430,2015,67,20.0,22.333333,60,16
327,2015,78,35.0,39.0,70,16
309,2015,48,22.0,24.0,44,16
309,2015,23,6.67,7.666667,20,16
295,2016,11,4.5,5.5,9,16
409,2015,109,47.5,54.5,95,16
295,2016,30,25.0,30.0,25,16
285,2016,76,64.0,76.0,64,16
285,2016,40,10.0,13.333333,30,16
405,2015,54,15.33,18.0,46,16
256,2016,33,28.0,33.0,28,16
428,2015,65,20.67,21.666667,62,16
236,2016,61,25.0,30.5,50,16
438,2015,55,18.0,18.333333,54,16
439,2015,111,52.0,55.5,104,16
349,2015,68,19.0,22.666667,57,16
257,2015,26,8.33,8.666667,25,16
415,2015,109,30.0,36.333333,90,16
245,2015,40,30.0,40.0,30,16
433,2015,7,7.0,7.0,7,16
426,2015,6,2.5,3.0,5,16
408,2015,69,62.0,69.0,62,16
359,2015,12,5.0,6.0,10,16
400,2015,17,16.0,17.0,16,16
396,2015,94,31.67,31.333333,95,16
319,2015,15,4.67,5.0,14,16
391,2015,5,2.0,2.5,4,16
263,2015,11,5.0,5.5,10,16
234,2016,14,10.0,14.0,10,16
277,2015,12,10.0,12.0,10,16
387,2015,56,55.0,56.0,55,16
257,2015,47,20.0,23.5,40,16
257,2015,82,23.33,27.333333,70,16
380,2015,73,72.0,73.0,72,16
362,2015,13,3.67,4.333333,11,16
333,2015,92,45.0,46.0,90,16
244,2016,32,25.0,32.0,25,16
291,2016,19,15.0,19.0,15,16
250,2016,28,25.0,28.0,25,16
301,2015,55,13.33,18.333333,40,16
250,2016,6,2.5,3.0,5,16
270,2016,3,0.67,1.0,2,16
376,2015,70,21.33,23.333333,64,16
293,2016,115,33.33,38.333333,100,16
237,2016,28,20.0,28.0,20,16
318,2015,19,8.0,9.5,16,16
404,2015,29,8.0,9.666667,24,16
304,2015,65,27.5,32.5,55,16
319,2015,39,17.5,19.5,35,16
430,2015,4,1.33,1.333333,4,16
355,2015,24,25.0,24.0,25,16
244,2016,92,37.5,46.0,75,16
301,2015,12,10.0,12.0,10,16
397,2015,37,18.5,18.5,37,16
244,2016,75,28.5,37.5,57,16
340,2015,44,40.0,44.0,40,16
293,2016,107,26.67,35.666667,80,16
312,2015,61,21.0,20.333333,63,16
376,2015,99,33.0,33.0,99,16
272,2016,40,12.0,13.333333,36,16
248,2016,48,19.5,24.0,39,16
442,2015,27,7.67,9.0,23,16
248,2016,26,20.0,26.0,20,16
442,2015,88,72.0,88.0,72,16
299,2015,13,11.0,13.0,11,16
294,2015,47,39.0,47.0,39,16
415,2015,76,22.0,25.333333,66,16
301,2015,68,24.0,34.0,48,16
237,2016,100,26.67,33.333333,80,16
331,2015,102,84.0,102.0,84,16
336,2015,22,6.67,7.333333,20,16
296,2015,71,23.33,23.666667,70,16
325,2015,2,0.67,0.666667,2,16
296,2015,60,25.0,20.0,75,16
423,2015,110,26.67,36.666667,80,16
351,2015,21,5.33,7.0,16,16
294,2015,37,32.0,37.0,32,16
307,2015,38,16.0,19.0,32,16
433,2015,45,41.0,45.0,41,16
349,2015,40,11.67,13.333333,35,16
249,2015,69,24.0,23.0,72,16
408,2015,4,2.0,2.0,4,16
381,2015,28,12.0,14.0,24,16
283,2016,36,29.0,36.0,29,16
283,2016,116,42.5,58.0,85,16
277,2015,87,38.0,43.5,76,16
277,2015,21,6.0,7.0,18,16
269,2015,24,12.0,12.0,24,16
394,2015,16,8.0,8.0,16,16
426,2015,61,28.5,30.5,57,16
303,2015,80,64.0,80.0,64,16
412,2015,127,39.67,42.333333,119,16
402,2015,27,12.5,13.5,25,16
402,2015,41,11.67,13.666667,35,16
306,2015,28,10.0,14.0,20,16
296,2015,53,27.0,26.5,54,16
257,2015,63,28.0,31.5,56,16
306,2015,28,10.0,14.0,20,16
293,2016,104,43.0,52.0,86,16
334,2015,1609,530.0,536.333333,1590,17
368,2015,1814,783.0,907.0,1566,17
379,2015,1567,483.33,522.333333,1450,17
189,2016,2099,522.0,699.666667,1566,17
436,2015,1468,675.0,734.0,1350,17
210,2016,1649,850.5,824.5,1701,17
35,2016,2312,540.0,770.666667,1620,17
337,2015,1885,592.67,628.333333,1778,17
406,2015,1673,567.0,557.666667,1701,17
204,2016,2005,567.0,668.333333,1701,17
323,2015,1566,850.5,783.0,1701,17
130,2016,1666,850.5,833.0,1701,17
337,2015,1842,770.0,921.0,1540,17
15,2016,2370,567.0,790.0,1701,17
407,2015,1772,795.0,886.0,1590,17
46,2016,1442,850.5,721.0,1701,17
122,2016,1834,729.0,917.0,1458,17
297,2015,1895,825.5,947.5,1651,17
425,2015,1711,725.0,855.5,1450,17
91,2016,1759,675.0,879.5,1350,17
145,2016,1680,850.5,840.0,1701,17
79,2016,1829,675.0,914.5,1350,17
111,2016,1905,700.0,952.5,1400,17
438,2015,2022,486.0,674.0,1458,17
365,2015,1755,850.5,877.5,1701,17
19,2016,1772,783.0,886.0,1566,17
37,2016,1778,530.0,592.666667,1590,17
121,2016,1664,650.0,832.0,1300,17
49,2016,1679,567.0,559.666667,1701,17
179,2016,1914,567.0,638.0,1701,17
137,2016,1539,650.0,769.5,1300,17
375,2015,1746,783.0,873.0,1566,17
407,2015,1451,522.0,483.666667,1566,17
401,2015,1686,504.0,562.0,1512,17
232,2016,2058,540.0,686.0,1620,17
441,2015,1984,567.0,661.333333,1701,17
113,2016,1734,660.0,867.0,1320,17
365,2015,1798,750.0,899.0,1500,17
49,2016,1660,567.0,553.333333,1701,17
398,2015,1612,504.0,537.333333,1512,17
299,2015,1491,687.5,745.5,1375,17
111,2016,1931,850.5,965.5,1701,17
407,2015,184,55.67,61.333333,167,18
344,2015,200,50.0,66.666667,150,18
296,2015,199,60.0,66.333333,180,18
230,2016,162,45.0,54.0,135,18
426,2015,131,119.0,131.0,119,18
336,2015,111,100.0,111.0,100,18
225,2016,136,63.0,68.0,126,18
233,2016,283,70.0,94.333333,210,18
190,2016,209,72.0,104.5,144,18
426,2015,192,150.0,192.0,150,18
411,2015,126,115.0,126.0,115,18
239,2016,263,72.0,87.666667,216,18
314,2015,146,75.0,73.0,150,18
199,2016,152,150.0,152.0,150,18
362,2015,133,120.0,133.0,120,18
417,2015,151,60.0,50.333333,180,18
398,2015,102,95.0,102.0,95,18
377,2015,251,90.0,125.5,180,18
296,2015,136,41.67,45.333333,125,18
225,2016,190,40.0,63.333333,120,18
390,2015,97,108.0,97.0,108,18
244,2016,145,125.0,145.0,125,18
428,2015,147,144.0,147.0,144,18
243,2016,269,105.0,134.5,210,18
251,2015,100,108.0,100.0,108,18
328,2015,193,86.0,96.5,172,18
351,2015,167,130.0,167.0,130,18
387,2015,219,76.5,109.5,153,18
387,2015,294,73.33,98.0,220,18
399,2015,203,145.0,203.0,145,18
399,2015,285,70.0,95.0,210,18
422,2015,166,189.0,166.0,189,18
309,2015,209,100.0,104.5,200,18
386,2015,184,140.0,184.0,140,18
375,2015,108,105.0,108.0,105,18
203,2016,242,85.5,121.0,171,18
312,2015,265,125.0,132.5,250,18
410,2015,254,99.0,127.0,198,18
410,2015,170,40.0,56.666667,120,18
323,2015,214,58.33,71.333333,175,18
307,2015,109,105.0,109.0,105,18
298,2015,230,100.0,115.0,200,18
315,2015,182,175.0,182.0,175,18
365,2015,169,135.0,169.0,135,18
392,2015,164,70.0,82.0,140,18
396,2015,105,100.0,105.0,100,18
233,2016,189,70.0,94.5,140,18
201,2016,143,105.0,143.0,105,18
333,2015,261,70.0,87.0,210,18
356,2015,307,72.0,102.333333,216,18
308,2015,195,150.0,195.0,150,18
280,2015,196,150.0,196.0,150,18
280,2015,171,60.0,85.5,120,18
355,2015,234,87.0,117.0,174,18
320,2015,184,135.0,184.0,135,18
397,2015,180,43.33,60.0,130,18
387,2015,116,105.0,116.0,105,18
273,2015,170,119.0,170.0,119,18
310,2015,214,130.0,107.0,260,18
193,2016,193,117.0,193.0,117,18
205,2016,129,116.0,129.0,116,18
409,2015,180,87.5,90.0,175,18
319,2015,122,105.0,122.0,105,18
318,2015,186,98.0,93.0,196,18
377,2015,199,58.33,66.333333,175,18
355,2015,105,67.5,52.5,135,18
355,2015,170,41.67,56.666667,125,18
440,2015,161,48.33,53.666667,145,18
378,2015,113,105.0,113.0,105,18
304,2015,154,150.0,154.0,150,18
236,2016,224,48.0,74.666667,144,18
371,2015,121,100.0,121.0,100,18
337,2015,233,60.0,77.666667,180,18
344,2015,144,62.5,72.0,125,18
425,2015,137,57.5,68.5,115,18
311,2015,251,105.0,125.5,210,18
407,2015,168,135.0,168.0,135,18
407,2015,153,60.0,76.5,120,18
443,2015,226,54.0,75.333333,162,18
372,2015,107,105.0,107.0,105,18
373,2015,167,140.0,167.0,140,18
381,2015,146,117.0,146.0,117,18
337,2015,147,54.0,49.0,162,18
330,2015,180,43.33,60.0,130,18
381,2015,136,120.0,136.0,120,18
288,2015,214,56.67,71.333333,170,18
326,2015,174,125.0,174.0,125,18
379,2015,158,43.33,52.666667,130,18
361,2015,158,115.0,158.0,115,18
186,2016,218,87.5,109.0,175,18
330,2015,230,90.0,115.0,180,18
394,2015,260,111.5,130.0,223,18
320,2015,178,87.5,89.0,175,18
310,2015,276,117.0,138.0,234,18
236,2016,216,58.33,72.0,175,18
434,2015,221,65.33,73.666667,196,18
424,2015,153,72.5,76.5,145,18
424,2015,160,46.67,53.333333,140,18
251,2015,204,145.0,204.0,145,18
413,2015,132,100.0,132.0,100,18
403,2015,262,117.0,131.0,234,18
368,2015,160,135.0,160.0,135,18
311,2015,249,87.0,83.0,261,18
300,2015,246,108.0,123.0,216,18
230,2016,283,76.0,94.333333,228,18
366,2015,157,110.0,157.0,110,18
229,2016,219,60.0,73.0,180,18
225,2016,179,70.0,89.5,140,18
249,2015,192,144.0,192.0,144,18
303,2015,285,105.0,142.5,210,18
417,2015,210,48.0,70.0,144,18
329,2015,187,60.0,62.333333,180,18
199,2016,217,53.0,72.333333,159,18
332,2015,178,162.0,178.0,162,18
218,2016,261,75.0,87.0,225,18
392,2015,162,150.0,162.0,150,18
378,2015,128,108.0,128.0,108,18
362,2015,190,175.0,190.0,175,18
304,2015,222,100.0,111.0,200,18
232,2016,209,189.0,209.0,189,18
327,2015,211,108.0,105.5,216,18
320,2015,111,80.0,111.0,80,18
347,2015,199,46.67,66.333333,140,18
419,2015,184,75.0,92.0,150,18
444,2015,255,100.0,127.5,200,18
408,2015,228,81.0,76.0,243,18
251,2015,157,43.33,52.333333,130,18
306,2015,153,38.67,51.0,116,18
429,2015,239,58.33,79.666667,175,18
421,2015,170,145.0,170.0,145,18
443,2015,185,54.0,61.666667,162,18
398,2015,150,140.0,150.0,140,18
241,2016,202,50.33,67.333333,151,18
299,2015,168,50.0,56.0,150,18
263,2015,141,130.0,141.0,130,18
439,2015,163,70.0,81.5,140,18
428,2015,145,67.5,72.5,135,18
263,2015,253,111.5,126.5,223,18
294,2015,200,60.0,66.666667,180,18
364,2015,171,167.0,171.0,167,18
405,2015,215,103.5,107.5,207,18
212,2016,136,100.0,136.0,100,18
402,2015,146,67.5,73.0,135,18
242,2015,153,150.0,153.0,150,18
402,2015,239,69.0,79.666667,207,18
421,2015,139,46.67,46.333333,140,18
237,2016,125,108.0,125.0,108,18
348,2015,196,216.0,196.0,216,18
284,2015,231,180.0,231.0,180,18
431,2015,137,41.67,45.666667,125,18
243,2016,124,105.0,124.0,105,18
256,2016,228,175.0,228.0,175,18
274,2016,161,70.0,80.5,140,18
421,2015,194,56.67,64.666667,170,18
379,2015,207,108.0,103.5,216,18
234,2016,139,53.5,69.5,107,18
214,2016,187,162.0,187.0,162,18
404,2015,206,200.0,206.0,200,18
237,2016,204,162.0,204.0,162,18
377,2015,130,57.5,65.0,115,18
390,2015,112,105.0,112.0,105,18
308,2015,134,45.0,44.666667,135,18
415,2015,141,120.0,141.0,120,18
268,2016,144,130.0,144.0,130,18
301,2015,258,70.0,86.0,210,18
249,2015,161,55.0,80.5,110,18
331,2015,129,57.5,64.5,115,18
249,2015,138,105.0,138.0,105,18
359,2015,254,63.67,84.666667,191,18
229,2016,166,111.0,166.0,111,18
391,2015,167,145.0,167.0,145,18
364,2015,110,110.0,110.0,110,18
315,2015,178,175.0,178.0,175,18
242,2015,177,46.67,59.0,140,18
272,2016,258,66.67,86.0,200,18
349,2015,233,70.0,77.666667,210,18
267,2015,148,126.0,148.0,126,18
297,2015,194,207.0,194.0,207,18
357,2015,107,100.0,107.0,100,18
409,2015,142,140.0,142.0,140,18
443,2015,272,75.0,90.666667,225,18
441,2015,132,115.0,132.0,115,18
430,2015,184,180.0,184.0,180,18
332,2015,250,81.67,83.333333,245,18
332,2015,210,70.0,70.0,210,18
219,2016,269,70.0,89.666667,210,18
210,2016,195,75.0,97.5,150,18
345,2015,177,175.0,177.0,175,18
354,2015,159,70.0,79.5,140,18
372,2015,172,150.0,172.0,150,18
406,2015,260,120.0,130.0,240,18
264,2016,128,51.5,64.0,103,18
371,2015,106,92.0,106.0,92,18
295,2016,217,55.67,72.333333,167,18
321,2015,197,58.33,65.666667,175,18
190,2016,140,127.0,140.0,127,18
285,2016,280,75.0,93.333333,225,18
321,2015,132,42.0,44.0,126,18
304,2015,229,95.5,114.5,191,18
316,2015,190,199.0,190.0,199,18
315,2015,244,70.0,81.333333,210,18
427,2015,192,72.0,64.0,216,18
419,2015,163,135.0,163.0,135,18
421,2015,163,50.0,54.333333,150,18
369,2015,254,114.0,127.0,228,18
372,2015,164,46.67,54.666667,140,18
419,2015,153,75.0,76.5,150,18
444,2015,151,70.0,75.5,140,18
431,2015,112,100.0,112.0,100,18
300,2015,164,135.0,164.0,135,18
341,2015,107,80.0,107.0,80,18
329,2015,195,81.67,65.0,245,18
325,2015,235,77.0,78.333333,231,18
345,2015,140,127.0,140.0,127,18
402,2015,161,50.0,53.666667,150,18
299,2015,207,66.67,69.0,200,18
420,2015,165,75.0,82.5,150,18
424,2015,152,67.5,76.0,135,18
299,2015,163,140.0,163.0,140,18
246,2016,173,75.0,86.5,150,18
305,2015,213,94.5,106.5,189,18
389,2015,187,198.0,187.0,198,18
395,2015,162,75.0,81.0,150,18
312,2015,284,87.0,94.666667,261,18
380,2015,178,150.0,178.0,150,18
425,2015,268,78.0,89.333333,234,18
349,2015,136,60.0,68.0,120,18
443,2015,226,63.0,75.333333,189,18
425,2015,153,60.0,76.5,120,18
428,2015,195,58.33,65.0,175,18
444,2015,274,81.67,91.333333,245,18
415,2015,99,95.0,99.0,95,18
246,2016,110,100.0,110.0,100,18
265,2015,135,115.0,135.0,115,18
387,2015,181,183.0,181.0,183,18
265,2015,160,140.0,160.0,140,18
381,2015,147,145.0,147.0,145,18
236,2016,120,104.0,120.0,104,18
415,2015,169,151.0,169.0,151,18
248,2016,161,63.0,80.5,126,18
332,2015,146,65.0,73.0,130,18
442,2015,228,76.5,114.0,153,18
336,2015,269,119.5,134.5,239,18
325,2015,156,150.0,156.0,150,18
333,2015,115,111.0,115.0,111,18
421,2015,150,75.5,75.0,151,18
366,2015,132,105.0,132.0,105,18
354,2015,270,83.33,90.0,250,18
378,2015,206,87.5,103.0,175,18
341,2015,168,42.0,56.0,126,18
55,2016,4923,1800.0,2461.5,3600,19
443,2015,2001,2320.0,2001.0,2320,20
385,2015,2214,2320.0,2214.0,2320,20
251,2015,1630,2295.0,1630.0,2295,20
337,2015,2205,2320.0,2205.0,2320,20
220,2015,1892,2049.0,1892.0,2049,20
242,2015,1801,2443.0,1801.0,2443,20
397,2015,2093,2320.0,2093.0,2320,20
271,2015,2084,2295.0,2084.0,2295,20
333,2015,1774,2320.0,1774.0,2320,20
197,2015,1605,2049.0,1605.0,2049,20
407,2015,2094,2320.0,2094.0,2320,20
411,2015,2192,2384.0,2192.0,2384,20
282,2015,2007,2320.0,2007.0,2320,20
10,2016,1718,2320.0,1718.0,2320,20
51,2015,2188,2071.0,2188.0,2071,20
407,2015,2220,2295.0,2220.0,2295,20
310,2015,1620,2320.0,1620.0,2320,20
418,2015,2159,2295.0,2159.0,2295,20
273,2015,2179,2443.0,2179.0,2443,20
311,2015,2094,2295.0,2094.0,2295,20
202,2015,1555,2049.0,1555.0,2049,20
163,2015,2108,2182.0,2108.0,2182,20
353,2015,1812,2320.0,1812.0,2320,20
63,2016,1986,2384.0,1986.0,2384,20
71,2016,1696,2384.0,1696.0,2384,20
427,2015,2028,2295.0,2028.0,2295,20
300,2015,1859,2295.0,1859.0,2295,20
37,2016,1851,2295.0,1851.0,2295,20
116,2015,1863,2182.0,1863.0,2182,20
297,2015,2210,2295.0,2210.0,2295,20
206,2015,2211,2071.0,2211.0,2071,20
328,2015,2133,2295.0,2133.0,2295,20
433,2015,2192,2384.0,2192.0,2384,20
18,2015,1868,2049.0,1868.0,2049,20
367,2015,2132,2295.0,2132.0,2295,20
428,2015,2027,2320.0,2027.0,2320,20
399,2015,2152,2320.0,2152.0,2320,20
240,2015,1959,2071.0,1959.0,2071,20
333,2015,2179,2320.0,2179.0,2320,20
41,2015,1719,2049.0,1719.0,2049,20
38,2016,2302,1512.0,2302.0,1512,21
228,2016,1509,1458.0,1509.0,1458,21
272,2016,1818,1188.0,1818.0,1188,21
402,2015,1711,1701.0,1711.0,1701,21
136,2016,1661,1404.0,1661.0,1404,21
372,2015,1604,1250.0,1604.0,1250,21
306,2015,1629,1701.0,1629.0,1701,21
221,2016,1633,1350.0,1633.0,1350,21
102,2016,1755,1250.0,1755.0,1250,21
369,2015,1719,1566.0,1719.0,1566,21
111,2016,2113,1701.0,2113.0,1701,21
65,2016,1644,1250.0,1644.0,1250,21
7,2016,1519,1350.0,1519.0,1350,21
223,2016,1693,1701.0,1693.0,1701,21
46,2016,1808,1404.0,1808.0,1404,21
368,2015,1780,1566.0,1780.0,1566,21
143,2016,1739,1350.0,1739.0,1350,21
408,2015,1493,1430.0,1493.0,1430,21
260,2016,2073,1560.0,2073.0,1560,21
370,2015,1587,1500.0,1587.0,1500,21
428,2015,1630,1701.0,1630.0,1701,21
60,2016,1950,1842.0,1950.0,1842,21
443,2015,1772,1595.0,1772.0,1595,21
27,2016,804,247.33,268.0,742,22
223,2016,845,325.0,422.5,650,22
199,2016,998,315.0,499.0,630,22
225,2016,726,297.0,363.0,594,22
234,2016,835,275.5,417.5,551,22
148,2016,782,247.33,260.666667,742,22
7,2016,743,247.33,247.666667,742,22
88,2016,787,197.67,262.333333,593,22
10,2016,1011,350.0,505.5,700,22
236,2016,862,188.33,287.333333,565,22
5,2016,783,297.5,391.5,595,22
201,2016,973,241.67,324.333333,725,22
157,2016,832,330.0,416.0,660,22
78,2016,892,238.33,297.333333,715,22
4,2016,945,358.5,472.5,717,22
69,2016,798,198.33,266.0,595,22
203,2016,876,351.0,438.0,702,22
68,2016,865,186.67,288.333333,560,22
6,2016,814,193.33,271.333333,580,22
106,2016,867,240.0,289.0,720,22
257,2015,851,198.33,283.666667,595,22
179,2016,888,280.0,444.0,560,22
107,2016,905,367.5,452.5,735,22
10,2016,1008,318.5,504.0,637,22
48,2016,750,198.0,250.0,594,22
150,2016,758,256.33,252.666667,769,22
177,2016,906,247.33,302.0,742,22
203,2016,798,183.67,266.0,551,22
177,2016,843,297.5,421.5,595,22
267,2015,976,233.33,325.333333,700,22
30,2016,709,280.0,354.5,560,22
46,2016,906,251.33,302.0,754,22
140,2016,919,210.0,306.333333,630,22
17,2016,828,385.0,414.0,770,22
26,2016,733,183.67,244.333333,551,22
92,2016,951,219.67,317.0,659,22
190,2016,936,245.0,312.0,735,22
181,2015,773,391.5,386.5,783,22
40,2016,794,247.33,264.666667,742,22
161,2015,714,391.5,357.0,783,22
173,2016,812,207.67,270.666667,623,22
245,2015,795,186.67,265.0,560,22
84,2016,804,188.33,268.0,565,22
186,2016,760,384.5,380.0,769,22
40,2016,786,180.0,262.0,540,22
184,2016,786,247.33,262.0,742,22
155,2016,818,329.5,409.0,659,22
50,2016,1008,270.0,336.0,810,22
178,2016,768,200.0,256.0,600,22
200,2015,739,261.0,246.333333,783,22
60,2016,811,311.5,405.5,623,22
136,2016,789,297.5,394.5,595,22
151,2016,799,324.0,399.5,648,22
315,2015,843,268.33,281.0,805,22
55,2016,755,200.0,251.666667,600,22
1,2016,759,297.5,379.5,595,22
68,2016,856,378.0,428.0,756,22
298,2015,834,270.0,278.0,810,22
63,2016,728,268.5,364.0,537,22
142,2016,919,256.67,306.333333,770,22
205,2016,758,221.67,252.666667,665,22
76,2016,849,325.0,424.5,650,22
13,2015,719,391.5,359.5,783,22
194,2016,873,384.5,436.5,769,22
68,2016,790,297.5,395.0,595,22
58,2016,657,315.0,328.5,630,22
141,2016,764,345.0,382.0,690,22
199,2016,716,247.33,238.666667,742,22
133,2016,903,241.67,301.0,725,22
76,2016,633,315.0,316.5,630,22
147,2016,887,171.33,295.666667,514,22
20,2016,870,228.67,290.0,686,22
164,2016,660,294.0,330.0,588,22
43,2016,1023,256.67,341.0,770,22
108,2016,737,280.0,368.5,560,22
157,2016,777,212.33,259.0,637,22
186,2016,936,222.33,312.0,667,22
50,2016,913,322.5,456.5,645,22
108,2016,953,297.5,476.5,595,22
246,2016,768,315.0,384.0,630,22
27,2016,826,371.0,413.0,742,22
87,2015,864,391.5,432.0,783,22
219,2016,837,256.33,279.0,769,22
105,2016,864,325.0,432.0,650,22
40,2016,862,333.5,431.0,667,22
198,2016,754,247.33,251.333333,742,22
164,2016,756,256.33,252.0,769,22
33,2016,770,180.0,256.666667,540,22
218,2016,826,256.33,275.333333,769,22
184,2016,936,330.5,468.0,661,22
234,2016,779,186.67,259.666667,560,22
156,2015,745,261.0,248.333333,783,22
319,2015,1118,550.0,559.0,1100,23
336,2015,1198,600.0,599.0,1200,23
376,2015,1146,567.0,573.0,1134,23
233,2016,1378,383.33,459.333333,1150,23
96,2016,1133,472.5,566.5,945,23
115,2016,1198,405.0,399.333333,1215,23
166,2016,1339,405.0,446.333333,1215,23
111,2016,1450,338.33,483.333333,1015,23
179,2016,1202,475.0,601.0,950,23
145,2016,1301,338.33,433.666667,1015,23
150,2016,1370,525.0,685.0,1050,23
199,2016,1074,560.0,537.0,1120,23
177,2016,1211,560.0,605.5,1120,23
123,2016,1556,433.33,518.666667,1300,23
425,2015,1285,326.67,428.333333,980,23
71,2016,1126,373.33,375.333333,1120,23
43,2016,1376,490.0,688.0,980,23
119,2016,1637,400.0,545.666667,1200,23
435,2015,1284,338.33,428.0,1015,23
345,2015,1349,605.0,674.5,1210,23
108,2016,1322,405.0,440.666667,1215,23
140,2016,1252,326.0,417.333333,978,23
69,2016,1344,338.33,448.0,1015,23
352,2015,1547,433.33,515.666667,1300,23
311,2015,1429,636.0,714.5,1272,23
249,2015,1105,607.5,552.5,1215,23
249,2015,1328,621.0,664.0,1242,23
7,2016,1285,507.5,642.5,1015,23
360,2015,1099,575.0,549.5,1150,23
148,2016,1230,607.5,615.0,1215,23
381,2015,1342,567.0,671.0,1134,23
381,2015,1368,400.0,456.0,1200,23
345,2015,1351,416.67,450.333333,1250,23
416,2015,1409,667.0,704.5,1334,23
426,2015,1289,366.67,429.666667,1100,23
303,2015,1307,366.67,435.666667,1100,23
418,2015,1224,525.0,612.0,1050,23
198,2016,1614,575.0,807.0,1150,23
352,2015,1192,600.0,596.0,1200,23
365,2015,1416,350.0,472.0,1050,23
319,2015,1167,507.5,583.5,1015,23
175,2016,1090,560.0,545.0,1120,23
237,2016,1515,400.0,505.0,1200,23
241,2016,1335,317.67,445.0,953,23
54,2016,1220,525.0,610.0,1050,23
302,2015,1258,486.0,629.0,972,23
388,2015,1520,607.5,760.0,1215,23
388,2015,1307,525.0,653.5,1050,23
36,2016,1284,607.5,642.0,1215,23
36,2016,1493,396.0,497.666667,1188,23
341,2015,1301,675.0,650.5,1350,23
364,2015,1328,621.0,664.0,1242,23
15,2016,1349,338.33,449.666667,1015,23
406,2015,1216,513.0,608.0,1026,23
331,2015,1297,326.67,432.333333,980,23
338,2015,1143,522.5,571.5,1045,23
319,2015,1124,525.0,562.0,1050,23
172,2016,1437,326.67,479.0,980,23
122,2016,1209,477.0,604.5,954,23
168,2016,1113,560.0,556.5,1120,23
24,2016,1500,455.0,750.0,910,23
173,2016,1156,525.0,578.0,1050,23
418,2015,1353,424.0,451.0,1272,23
205,2016,1207,560.0,603.5,1120,23
422,2015,1338,315.0,446.0,945,23
286,2015,1295,440.0,431.666667,1320,23
12,2016,1222,326.67,407.333333,980,23
245,2015,1289,560.0,644.5,1120,23
130,2016,288,122.5,144.0,245,24
26,2016,283,81.67,94.333333,245,24
83,2016,221,66.0,73.666667,198,24
192,2016,315,216.0,315.0,216,24
151,2016,321,93.33,107.0,280,24
151,2016,211,81.0,105.5,162,24
160,2016,246,196.0,246.0,196,24
179,2016,305,119.5,152.5,239,24
131,2016,300,122.5,150.0,245,24
178,2016,317,66.0,105.666667,198,24
49,2016,196,85.5,98.0,171,24
50,2016,267,81.0,89.0,243,24
210,2016,232,175.0,232.0,175,24
55,2016,240,203.0,240.0,203,24
15,2016,173,145.0,173.0,145,24
83,2016,314,93.33,104.666667,280,24
99,2016,387,150.5,193.5,301,24
147,2016,323,239.0,323.0,239,24
15,2016,398,192.5,199.0,385,24
93,2016,314,130.5,157.0,261,24
37,2016,253,191.0,253.0,191,24
24,2016,294,115.0,147.0,230,24
24,2016,167,140.0,167.0,140,24
244,2016,239,203.0,239.0,203,24
177,2016,322,140.0,161.0,280,24
19,2016,353,300.0,353.0,300,24
90,2016,251,200.0,251.0,200,24
107,2016,236,85.5,118.0,171,24
155,2016,264,225.0,264.0,225,24
35,2016,302,112.5,151.0,225,24
38,2016,301,240.0,301.0,240,24
48,2016,272,207.0,272.0,207,24
160,2016,185,144.0,185.0,144,24
10,2016,220,58.33,73.333333,175,24
15,2016,224,100.0,112.0,200,24
125,2016,275,232.0,275.0,232,24
68,2016,189,144.0,189.0,144,24
68,2016,302,175.0,151.0,350,24
194,2016,287,81.67,95.666667,245,24
204,2016,256,200.0,256.0,200,24
190,2016,249,210.0,249.0,210,24
141,2016,214,145.0,214.0,145,24
14,2016,453,140.0,226.5,280,24
77,2016,280,107.5,140.0,215,24
58,2016,224,143.0,112.0,286,24
58,2016,422,90.0,140.666667,270,24
175,2016,161,193.0,161.0,193,24
33,2016,366,105.0,122.0,315,24
86,2016,237,58.33,79.0,175,24
27,2016,309,234.0,309.0,234,24
10,2016,284,196.0,284.0,196,24
199,2016,342,280.0,342.0,280,24
68,2016,344,252.0,344.0,252,24
7,2016,310,134.5,155.0,269,24
24,2016,222,90.0,111.0,180,24
26,2016,273,198.0,273.0,198,24
26,2016,404,116.67,134.666667,350,24
55,2016,171,135.0,171.0,135,24
60,2016,350,100.0,116.666667,300,24
97,2016,377,162.0,188.5,324,24
172,2016,181,140.0,181.0,140,24
122,2016,397,81.67,132.333333,245,24
22,2016,402,105.0,134.0,315,24
58,2016,244,66.67,81.333333,200,24
210,2016,335,261.0,335.0,261,24
1,2016,243,216.0,243.0,216,24
26,2016,238,91.5,119.0,183,24
1,2016,271,210.0,271.0,210,24
91,2016,232,81.67,77.333333,245,24
122,2016,170,140.0,170.0,140,24
55,2016,370,300.0,370.0,300,24
46,2016,403,245.0,403.0,245,24
32,2016,275,196.0,275.0,196,24
74,2016,235,87.5,117.5,175,24
148,2016,265,198.0,265.0,198,24
37,2016,258,63.67,86.0,191,24
201,2016,301,242.0,301.0,242,24
178,2016,268,105.0,134.0,210,24
30,2016,274,73.33,91.333333,220,24
62,2016,225,140.0,225.0,140,24
62,2016,195,144.0,195.0,144,24
143,2016,284,118.0,142.0,236,24
194,2016,274,240.0,274.0,240,24
30,2016,269,81.67,89.666667,245,24
59,2016,172,122.0,172.0,122,24
162,2016,295,108.0,147.5,216,24
142,2016,239,162.0,239.0,162,24
22,2016,462,150.0,231.0,300,24
85,2016,356,88.0,118.666667,264,24
32,2016,226,60.0,75.333333,180,24
22,2016,298,81.67,99.333333,245,24
91,2016,263,189.0,263.0,189,24
102,2016,415,157.5,207.5,315,24
43,2016,164,162.0,164.0,162,24
125,2016,257,108.0,128.5,216,24
100,2016,342,93.33,114.0,280,24
75,2016,167,122.0,167.0,122,24
123,2016,359,130.5,179.5,261,24
37,2016,410,102.67,136.666667,308,24
203,2016,371,112.5,185.5,225,24
96,2016,270,243.0,270.0,243,24
81,2016,208,75.0,104.0,150,24
27,2016,177,175.0,177.0,175,24
56,2016,222,60.0,74.0,180,24
12,2016,352,83.33,117.333333,250,24
91,2016,345,308.0,345.0,308,24
5,2016,168,120.0,168.0,120,24
63,2016,462,105.0,154.0,315,24
132,2016,435,116.67,145.0,350,24
3,2016,260,103.5,130.0,207,24
199,2016,419,121.5,209.5,243,24
160,2016,265,75.0,88.333333,225,24
194,2016,310,130.5,155.0,261,24
6,2016,240,66.0,80.0,198,24
132,2016,407,125.0,135.666667,375,24
137,2016,246,65.33,82.0,196,24
190,2016,274,70.0,91.333333,210,24
153,2016,322,122.5,161.0,245,24
205,2016,298,225.0,298.0,225,24
49,2016,333,72.0,111.0,216,24
133,2016,366,105.0,122.0,315,24
133,2016,266,210.0,266.0,210,24
15,2016,330,100.0,110.0,300,24
72,2016,220,87.5,110.0,175,24
117,2016,234,87.5,117.0,175,24
77,2016,381,157.5,190.5,315,24
19,2016,292,210.0,292.0,210,24
15,2016,497,106.0,165.666667,318,24
27,2016,337,150.0,168.5,300,24
100,2016,171,140.0,171.0,140,24
196,2016,236,99.5,118.0,199,24
83,2016,368,175.0,184.0,350,24
14,2016,332,245.0,332.0,245,24
14,2016,387,93.33,129.0,280,24
36,2016,206,180.0,206.0,180,24
104,2016,208,81.0,104.0,162,24
76,2016,334,90.0,111.333333,270,24
27,2016,275,243.0,275.0,243,24
59,2016,273,220.0,273.0,220,24
78,2016,244,66.0,81.333333,198,24
111,2016,224,72.0,112.0,144,24
66,2016,303,220.0,303.0,220,24
19,2016,350,88.0,116.666667,264,24
203,2016,288,231.0,288.0,231,24
12,2016,220,58.33,73.333333,175,24
5,2016,317,122.5,158.5,245,24
117,2016,365,250.0,365.0,250,24
4,2016,391,157.5,195.5,315,24
33,2016,458,150.0,229.0,300,24
141,2016,424,161.0,212.0,322,24
198,2016,242,95.5,121.0,191,24
16,2016,369,308.0,369.0,308,24
